simID,dispersal_shape,divergence_threshold,dispersal_scale,temporal_dinamics,starting_time,mutation,divergence_temperature,abundance_scale_pwr,model,scenario_1,scenario
gen_00002,5,15.9,1221,1,65,0.1,NA,NA,gen,niche,niche1
gen_00003,3,6.9,1110,1,65,0.1,NA,NA,gen,niche,niche1
gen_00004,5,6.9,999,1,65,0.2,NA,NA,gen,niche,niche1
gen_00005,3,12.9,888,1,65,0.005,NA,NA,gen,niche,niche1
gen_00006,1,6.9,1443,1,65,0.2,NA,NA,gen,niche,niche1
gen_00007,1,15.9,888,1,65,0.2,NA,NA,gen,niche,niche1
gen_00009,3,6.9,999,1,65,0.01,NA,NA,gen,niche,niche1
gen_00010,5,15.9,777,1,65,0.01,NA,NA,gen,niche,niche1
gen_00011,5,15.9,1221,1,65,0.005,NA,NA,gen,niche,niche1
gen_00012,1,6.9,1443,1,65,0.2,NA,NA,gen,niche,niche1
gen_00013,3,18.9,1110,1,65,0.2,NA,NA,gen,niche,niche1
gen_00014,5,15.9,444,1,65,0.01,NA,NA,gen,niche,niche1
gen_00017,1,12.9,1332,1,65,0.01,NA,NA,gen,niche,niche1
gen_00018,3,15.9,888,1,65,0.01,NA,NA,gen,niche,niche1
gen_00019,5,9.9,666,1,65,0.005,NA,NA,gen,niche,niche1
gen_00020,3,12.9,1110,1,65,0.01,NA,NA,gen,niche,niche1
gen_00021,5,9.9,777,1,65,0.2,NA,NA,gen,niche,niche1
gen_00022,5,6.9,1554,1,65,0.005,NA,NA,gen,niche,niche1
gen_00026,3,3.9,555,1,65,0.005,NA,NA,gen,niche,niche1
gen_00027,3,18.9,1110,1,65,0.01,NA,NA,gen,niche,niche1
gen_00028,3,18.9,1443,1,65,0.2,NA,NA,gen,niche,niche1
gen_00029,3,18.9,999,1,65,0.2,NA,NA,gen,niche,niche1
gen_00030,5,18.9,777,1,65,0.01,NA,NA,gen,niche,niche1
gen_00031,5,15.9,444,1,65,0.2,NA,NA,gen,niche,niche1
gen_00032,1,15.9,1332,1,65,0.01,NA,NA,gen,niche,niche1
gen_00034,5,6.9,666,1,65,0.01,NA,NA,gen,niche,niche1
gen_00035,1,12.9,1221,1,65,0.005,NA,NA,gen,niche,niche1
gen_00036,3,9.9,888,1,65,0.1,NA,NA,gen,niche,niche1
gen_00037,3,3.9,1554,1,65,0.01,NA,NA,gen,niche,niche1
gen_00038,5,6.9,888,1,65,0.005,NA,NA,gen,niche,niche1
gen_00039,1,18.9,1221,1,65,0.005,NA,NA,gen,niche,niche1
gen_00040,5,18.9,444,1,65,0.1,NA,NA,gen,niche,niche1
gen_00041,5,18.9,888,1,65,0.005,NA,NA,gen,niche,niche1
gen_00042,5,12.9,1332,1,65,0.2,NA,NA,gen,niche,niche1
gen_00043,5,18.9,777,1,65,0.01,NA,NA,gen,niche,niche1
gen_00045,5,18.9,444,1,65,0.1,NA,NA,gen,niche,niche1
gen_00046,3,12.9,1221,1,65,0.1,NA,NA,gen,niche,niche1
gen_00047,1,9.9,1554,1,65,0.2,NA,NA,gen,niche,niche1
gen_00048,3,9.9,666,1,65,0.1,NA,NA,gen,niche,niche1
gen_00050,1,18.9,1554,1,65,0.01,NA,NA,gen,niche,niche1
gen_00051,1,12.9,999,1,65,0.1,NA,NA,gen,niche,niche1
gen_00052,1,15.9,999,1,65,0.01,NA,NA,gen,niche,niche1
gen_00053,3,9.9,555,1,65,0.2,NA,NA,gen,niche,niche1
gen_00055,5,18.9,1110,1,65,0.005,NA,NA,gen,niche,niche1
gen_00056,3,18.9,1110,1,65,0.2,NA,NA,gen,niche,niche1
gen_00057,3,12.9,444,1,65,0.005,NA,NA,gen,niche,niche1
gen_00058,3,3.9,999,1,65,0.2,NA,NA,gen,niche,niche1
gen_00060,3,18.9,999,1,65,0.1,NA,NA,gen,niche,niche1
gen_00061,5,3.9,777,1,65,0.005,NA,NA,gen,niche,niche1
gen_00062,3,18.9,1443,1,65,0.2,NA,NA,gen,niche,niche1
gen_00063,3,18.9,888,1,65,0.005,NA,NA,gen,niche,niche1
gen_00064,3,3.9,1554,1,65,0.1,NA,NA,gen,niche,niche1
gen_00066,5,15.9,666,1,65,0.1,NA,NA,gen,niche,niche1
gen_00067,1,12.9,777,1,65,0.005,NA,NA,gen,niche,niche1
gen_00068,5,6.9,888,1,65,0.005,NA,NA,gen,niche,niche1
gen_00069,3,18.9,444,1,65,0.005,NA,NA,gen,niche,niche1
gen_00070,3,6.9,1221,1,65,0.1,NA,NA,gen,niche,niche1
gen_00072,5,12.9,444,1,65,0.01,NA,NA,gen,niche,niche1
gen_00073,5,6.9,1332,1,65,0.005,NA,NA,gen,niche,niche1
gen_00075,5,12.9,1110,1,65,0.005,NA,NA,gen,niche,niche1
gen_00076,3,3.9,1554,1,65,0.2,NA,NA,gen,niche,niche1
gen_00077,5,12.9,444,1,65,0.1,NA,NA,gen,niche,niche1
gen_00078,5,12.9,444,1,65,0.2,NA,NA,gen,niche,niche1
gen_00079,5,12.9,999,1,65,0.1,NA,NA,gen,niche,niche1
gen_00080,1,6.9,1221,1,65,0.2,NA,NA,gen,niche,niche1
gen_00082,3,12.9,1332,1,65,0.005,NA,NA,gen,niche,niche1
gen_00084,5,12.9,1332,1,65,0.1,NA,NA,gen,niche,niche1
gen_00085,5,3.9,555,1,65,0.1,NA,NA,gen,niche,niche1
gen_00086,1,9.9,555,1,65,0.1,NA,NA,gen,niche,niche1
gen_00088,1,15.9,1443,1,65,0.005,NA,NA,gen,niche,niche1
gen_00089,3,3.9,1554,1,65,0.01,NA,NA,gen,niche,niche1
gen_00091,1,18.9,1221,1,65,0.1,NA,NA,gen,niche,niche1
gen_00093,1,18.9,1110,1,65,0.01,NA,NA,gen,niche,niche1
gen_00095,5,12.9,666,1,65,0.1,NA,NA,gen,niche,niche1
gen_00096,3,6.9,444,1,65,0.005,NA,NA,gen,niche,niche1
gen_00097,5,9.9,1110,1,65,0.005,NA,NA,gen,niche,niche1
gen_00098,3,3.9,888,1,65,0.01,NA,NA,gen,niche,niche1
gen_00099,5,15.9,444,1,65,0.2,NA,NA,gen,niche,niche1
gen_00100,1,9.9,1554,1,65,0.2,NA,NA,gen,niche,niche1
gen_00101,3,9.9,1443,1,65,0.01,NA,NA,gen,niche,niche1
gen_00102,3,15.9,888,1,65,0.005,NA,NA,gen,niche,niche1
gen_00103,5,9.9,999,1,65,0.1,NA,NA,gen,niche,niche1
gen_00104,3,9.9,1554,1,65,0.005,NA,NA,gen,niche,niche1
gen_00105,5,9.9,999,1,65,0.1,NA,NA,gen,niche,niche1
gen_00107,5,3.9,666,1,65,0.1,NA,NA,gen,niche,niche1
gen_00108,5,18.9,1332,1,65,0.1,NA,NA,gen,niche,niche1
gen_00109,3,6.9,666,1,65,0.1,NA,NA,gen,niche,niche1
gen_00110,1,9.9,666,1,65,0.01,NA,NA,gen,niche,niche1
gen_00111,5,15.9,444,1,65,0.01,NA,NA,gen,niche,niche1
gen_00112,1,18.9,1110,1,65,0.2,NA,NA,gen,niche,niche1
gen_00113,1,18.9,1110,1,65,0.2,NA,NA,gen,niche,niche1
gen_00114,5,6.9,888,1,65,0.2,NA,NA,gen,niche,niche1
gen_00115,5,18.9,1332,1,65,0.1,NA,NA,gen,niche,niche1
gen_00117,1,12.9,888,1,65,0.1,NA,NA,gen,niche,niche1
gen_00118,3,9.9,666,1,65,0.1,NA,NA,gen,niche,niche1
gen_00119,5,18.9,888,1,65,0.1,NA,NA,gen,niche,niche1
gen_00120,3,6.9,1221,1,65,0.005,NA,NA,gen,niche,niche1
gen_00121,1,12.9,999,1,65,0.2,NA,NA,gen,niche,niche1
gen_00122,1,9.9,999,1,65,0.01,NA,NA,gen,niche,niche1
gen_00123,1,18.9,1110,1,65,0.01,NA,NA,gen,niche,niche1
gen_00124,3,18.9,777,1,65,0.2,NA,NA,gen,niche,niche1
gen_00125,3,9.9,666,1,65,0.01,NA,NA,gen,niche,niche1
gen_00126,1,12.9,1443,1,65,0.2,NA,NA,gen,niche,niche1
gen_00129,3,9.9,555,1,65,0.1,NA,NA,gen,niche,niche1
gen_00130,3,18.9,888,1,65,0.01,NA,NA,gen,niche,niche1
gen_00134,1,18.9,1221,1,65,0.005,NA,NA,gen,niche,niche1
gen_00135,3,12.9,555,1,65,0.005,NA,NA,gen,niche,niche1
gen_00136,5,9.9,444,1,65,0.2,NA,NA,gen,niche,niche1
gen_00137,1,15.9,777,1,65,0.01,NA,NA,gen,niche,niche1
gen_00138,5,9.9,777,1,65,0.2,NA,NA,gen,niche,niche1
gen_00139,5,15.9,1332,1,65,0.005,NA,NA,gen,niche,niche1
gen_00140,1,15.9,1443,1,65,0.2,NA,NA,gen,niche,niche1
gen_00141,3,18.9,555,1,65,0.005,NA,NA,gen,niche,niche1
gen_00142,5,12.9,666,1,65,0.1,NA,NA,gen,niche,niche1
gen_00144,1,18.9,888,1,65,0.01,NA,NA,gen,niche,niche1
gen_00147,3,9.9,1443,1,65,0.01,NA,NA,gen,niche,niche1
gen_00148,3,9.9,555,1,65,0.2,NA,NA,gen,niche,niche1
gen_00149,5,18.9,1110,1,65,0.2,NA,NA,gen,niche,niche1
gen_00150,3,6.9,444,1,65,0.1,NA,NA,gen,niche,niche1
gen_00151,1,9.9,1332,1,65,0.2,NA,NA,gen,niche,niche1
gen_00152,1,12.9,555,1,65,0.1,NA,NA,gen,niche,niche1
gen_00153,3,18.9,555,1,65,0.1,NA,NA,gen,niche,niche1
gen_00155,5,6.9,777,1,65,0.2,NA,NA,gen,niche,niche1
gen_00158,3,9.9,888,1,65,0.005,NA,NA,gen,niche,niche1
gen_00159,3,15.9,1110,1,65,0.005,NA,NA,gen,niche,niche1
gen_00160,1,12.9,1332,1,65,0.005,NA,NA,gen,niche,niche1
gen_00161,1,12.9,1221,1,65,0.005,NA,NA,gen,niche,niche1
gen_00163,1,18.9,1110,1,65,0.1,NA,NA,gen,niche,niche1
gen_00165,3,18.9,555,1,65,0.01,NA,NA,gen,niche,niche1
gen_00167,3,6.9,1554,1,65,0.2,NA,NA,gen,niche,niche1
gen_00168,5,15.9,1332,1,65,0.01,NA,NA,gen,niche,niche1
gen_00169,1,9.9,777,1,65,0.01,NA,NA,gen,niche,niche1
gen_00170,1,18.9,999,1,65,0.005,NA,NA,gen,niche,niche1
gen_00172,5,9.9,666,1,65,0.01,NA,NA,gen,niche,niche1
gen_00173,1,18.9,555,1,65,0.2,NA,NA,gen,niche,niche1
gen_00174,5,12.9,444,1,65,0.2,NA,NA,gen,niche,niche1
gen_00175,3,9.9,1443,1,65,0.005,NA,NA,gen,niche,niche1
gen_00176,5,3.9,777,1,65,0.01,NA,NA,gen,niche,niche1
gen_00177,1,18.9,1332,1,65,0.2,NA,NA,gen,niche,niche1
gen_00178,1,15.9,1332,1,65,0.005,NA,NA,gen,niche,niche1
gen_00179,1,18.9,666,1,65,0.005,NA,NA,gen,niche,niche1
gen_00181,1,18.9,1110,1,65,0.1,NA,NA,gen,niche,niche1
gen_00182,3,15.9,1221,1,65,0.1,NA,NA,gen,niche,niche1
gen_00183,5,12.9,888,1,65,0.005,NA,NA,gen,niche,niche1
gen_00185,1,18.9,555,1,65,0.005,NA,NA,gen,niche,niche1
gen_00187,3,3.9,777,1,65,0.2,NA,NA,gen,niche,niche1
gen_00188,3,6.9,999,1,65,0.005,NA,NA,gen,niche,niche1
gen_00189,5,3.9,444,1,65,0.1,NA,NA,gen,niche,niche1
gen_00190,5,12.9,888,1,65,0.1,NA,NA,gen,niche,niche1
gen_00192,1,18.9,888,1,65,0.2,NA,NA,gen,niche,niche1
gen_00194,5,15.9,999,1,65,0.01,NA,NA,gen,niche,niche1
gen_00197,5,6.9,1221,1,65,0.2,NA,NA,gen,niche,niche1
gen_00198,1,9.9,1221,1,65,0.005,NA,NA,gen,niche,niche1
gen_00199,1,9.9,555,1,65,0.1,NA,NA,gen,niche,niche1
gen_00200,5,18.9,999,1,65,0.1,NA,NA,gen,niche,niche1
gen_00201,3,6.9,666,1,65,0.1,NA,NA,gen,niche,niche1
gen_00203,5,9.9,999,1,65,0.1,NA,NA,gen,niche,niche1
gen_00205,3,18.9,1110,1,65,0.01,NA,NA,gen,niche,niche1
gen_00206,3,33,700,1,110,NA,NA,NA,gen,no_ecology,no_ecology1
gen_00207,4,19,624,1,110,NA,NA,NA,gen,no_ecology,no_ecology1
gen_00208,3,47,775,1,110,NA,NA,NA,gen,no_ecology,no_ecology1
gen_00209,4,13,662,0,110,NA,NA,NA,gen,no_ecology,no_ecology0
gen_00210,2,40,813,0,110,NA,NA,NA,gen,no_ecology,no_ecology0
gen_00211,3,26,587,0,110,NA,NA,NA,gen,no_ecology,no_ecology0
gen_00212,5,53,737,0,110,NA,NA,NA,gen,no_ecology,no_ecology0
gen_00213,3,43,643,1,110,NA,NA,NA,gen,no_ecology,no_ecology1
gen_00214,4,16,794,1,110,NA,NA,NA,gen,no_ecology,no_ecology1
gen_00215,4,57,568,1,110,NA,NA,NA,gen,no_ecology,no_ecology1
gen_00216,5,36,605,1,110,NA,NA,NA,gen,no_ecology,no_ecology1
gen_00217,3,50,681,0,110,NA,NA,NA,gen,no_ecology,no_ecology0
gen_00218,4,23,832,1,110,NA,NA,NA,gen,no_ecology,no_ecology1
gen_00219,5,28,690,1,110,NA,NA,NA,gen,no_ecology,no_ecology1
gen_00220,2,14,615,1,110,NA,NA,NA,gen,no_ecology,no_ecology1
gen_00221,4,42,766,1,110,NA,NA,NA,gen,no_ecology,no_ecology1
gen_00222,3,21,577,0,110,NA,NA,NA,gen,no_ecology,no_ecology0
gen_00223,5,48,728,1,110,NA,NA,NA,gen,no_ecology,no_ecology1
gen_00224,4,8,653,1,110,NA,NA,NA,gen,no_ecology,no_ecology1
gen_00225,4,52,596,0,110,NA,NA,NA,gen,no_ecology,no_ecology0
gen_00226,2,25,747,1,110,NA,NA,NA,gen,no_ecology,no_ecology1
gen_00227,3,38,671,0,110,NA,NA,NA,gen,no_ecology,no_ecology0
gen_00228,4,11,822,0,110,NA,NA,NA,gen,no_ecology,no_ecology0
gen_00229,2,59,634,1,110,NA,NA,NA,gen,no_ecology,no_ecology1
gen_00230,4,31,785,1,110,NA,NA,NA,gen,no_ecology,no_ecology1
gen_00231,5,45,558,0,110,NA,NA,NA,gen,no_ecology,no_ecology0
gen_00232,3,18,709,1,110,NA,NA,NA,gen,no_ecology,no_ecology1
gen_00233,4,37,629,0,110,NA,NA,NA,gen,no_ecology,no_ecology0
gen_00234,3,51,554,1,110,NA,NA,NA,gen,no_ecology,no_ecology1
gen_00235,5,24,704,1,110,NA,NA,NA,gen,no_ecology,no_ecology1
gen_00236,3,44,591,0,110,NA,NA,NA,gen,no_ecology,no_ecology0
gen_00237,4,17,742,1,110,NA,NA,NA,gen,no_ecology,no_ecology1
gen_00238,5,58,667,0,110,NA,NA,NA,gen,no_ecology,no_ecology0
gen_00239,3,31,818,0,110,NA,NA,NA,gen,no_ecology,no_ecology0
gen_00240,4,14,572,1,110,NA,NA,NA,gen,no_ecology,no_ecology1
gen_00241,3,41,723,0,110,NA,NA,NA,gen,no_ecology,no_ecology0
gen_00242,2,27,648,1,110,NA,NA,NA,gen,no_ecology,no_ecology1
gen_00243,3,7,686,1,110,NA,NA,NA,gen,no_ecology,no_ecology1
gen_00244,5,34,836,1,110,NA,NA,NA,gen,no_ecology,no_ecology1
gen_00245,4,20,610,0,110,NA,NA,NA,gen,no_ecology,no_ecology0
gen_00246,3,47,761,1,110,NA,NA,NA,gen,no_ecology,no_ecology1
gen_00247,3,59,620,0,110,NA,NA,NA,gen,no_ecology,no_ecology0
gen_00248,4,32,770,1,110,NA,NA,NA,gen,no_ecology,no_ecology1
gen_00249,4,46,695,1,110,NA,NA,NA,gen,no_ecology,no_ecology1
gen_00250,3,25,808,1,110,NA,NA,NA,gen,no_ecology,no_ecology1
gen_00251,2,39,582,1,110,NA,NA,NA,gen,no_ecology,no_ecology1
gen_00252,2,22,676,1,110,NA,NA,NA,gen,no_ecology,no_ecology1
gen_00253,3,36,752,0,110,NA,NA,NA,gen,no_ecology,no_ecology0
gen_00254,4,29,563,0,110,NA,NA,NA,gen,no_ecology,no_ecology0
gen_00255,5,42,789,1,110,NA,NA,NA,gen,no_ecology,no_ecology1
gen_00256,5,22,820,1,110,NA,NA,NA,gen,no_ecology,no_ecology1
gen_00257,4,36,594,1,110,NA,NA,NA,gen,no_ecology,no_ecology1
gen_00258,3,9,744,0,110,NA,NA,NA,gen,no_ecology,no_ecology0
gen_00259,4,56,556,0,110,NA,NA,NA,gen,no_ecology,no_ecology0
gen_00260,3,29,707,1,110,NA,NA,NA,gen,no_ecology,no_ecology1
gen_00261,2,43,631,0,110,NA,NA,NA,gen,no_ecology,no_ecology0
gen_00262,4,16,782,1,110,NA,NA,NA,gen,no_ecology,no_ecology1
gen_00263,2,33,612,1,110,NA,NA,NA,gen,no_ecology,no_ecology1
gen_00264,5,19,688,1,110,NA,NA,NA,gen,no_ecology,no_ecology1
gen_00265,4,26,650,0,110,NA,NA,NA,gen,no_ecology,no_ecology0
gen_00266,2,53,801,0,110,NA,NA,NA,gen,no_ecology,no_ecology0
gen_00267,3,12,575,1,110,NA,NA,NA,gen,no_ecology,no_ecology1
gen_00268,4,39,726,1,110,NA,NA,NA,gen,no_ecology,no_ecology1
gen_00269,4,41,584,0,110,NA,NA,NA,gen,no_ecology,no_ecology0
gen_00270,5,28,811,0,110,NA,NA,NA,gen,no_ecology,no_ecology0
gen_00271,4,48,622,0,110,NA,NA,NA,gen,no_ecology,no_ecology0
gen_00272,5,11,641,1,110,NA,NA,NA,gen,no_ecology,no_ecology1
gen_00273,3,24,565,0,110,NA,NA,NA,gen,no_ecology,no_ecology0
gen_00274,3,17,603,1,110,NA,NA,NA,gen,no_ecology,no_ecology1
gen_00275,4,31,678,1,110,NA,NA,NA,gen,no_ecology,no_ecology1
gen_00276,2,58,829,0,110,NA,NA,NA,gen,no_ecology,no_ecology0
gen_00277,5,25,589,0,110,NA,NA,NA,gen,no_ecology,no_ecology0
gen_00278,3,11,664,1,110,NA,NA,NA,gen,no_ecology,no_ecology1
gen_00279,3,32,627,1,110,NA,NA,NA,gen,no_ecology,no_ecology1
gen_00280,4,18,551,0,110,NA,NA,NA,gen,no_ecology,no_ecology0
gen_00281,2,45,702,1,110,NA,NA,NA,gen,no_ecology,no_ecology1
gen_00282,4,56,683,0,110,NA,NA,NA,gen,no_ecology,no_ecology0
gen_00283,3,28,834,0,110,NA,NA,NA,gen,no_ecology,no_ecology0
gen_00284,3,42,608,1,110,NA,NA,NA,gen,no_ecology,no_ecology1
gen_00285,5,15,759,1,110,NA,NA,NA,gen,no_ecology,no_ecology1
gen_00286,4,22,721,1,110,NA,NA,NA,gen,no_ecology,no_ecology1
gen_00287,5,35,645,1,110,NA,NA,NA,gen,no_ecology,no_ecology1
gen_00288,3,17,655,1,110,NA,NA,NA,gen,no_ecology,no_ecology1
gen_00289,5,30,579,1,110,NA,NA,NA,gen,no_ecology,no_ecology1
gen_00290,2,37,768,1,110,NA,NA,NA,gen,no_ecology,no_ecology1
gen_00291,3,23,693,1,110,NA,NA,NA,gen,no_ecology,no_ecology1
gen_00292,5,50,844,0,110,NA,NA,NA,gen,no_ecology,no_ecology0
gen_00293,3,33,561,0,110,NA,NA,NA,gen,no_ecology,no_ecology0
gen_00294,5,6,711,1,110,NA,NA,NA,gen,no_ecology,no_ecology1
gen_00295,4,47,636,1,110,NA,NA,NA,gen,no_ecology,no_ecology1
gen_00296,2,20,787,1,110,NA,NA,NA,gen,no_ecology,no_ecology1
gen_00297,4,40,674,1,110,NA,NA,NA,gen,no_ecology,no_ecology1
gen_00298,2,54,598,0,110,NA,NA,NA,gen,no_ecology,no_ecology0
gen_00299,4,27,749,0,110,NA,NA,NA,gen,no_ecology,no_ecology0
gen_00300,4,57,649,1,110,NA,NA,NA,gen,no_ecology,no_ecology1
gen_00301,3,30,800,0,110,NA,NA,NA,gen,no_ecology,no_ecology0
gen_00302,2,43,574,1,110,NA,NA,NA,gen,no_ecology,no_ecology1
gen_00303,4,16,724,1,110,NA,NA,NA,gen,no_ecology,no_ecology1
gen_00304,3,50,611,0,110,NA,NA,NA,gen,no_ecology,no_ecology0
gen_00305,5,23,762,0,110,NA,NA,NA,gen,no_ecology,no_ecology0
gen_00306,4,37,687,1,110,NA,NA,NA,gen,no_ecology,no_ecology1
gen_00307,4,20,555,1,110,NA,NA,NA,gen,no_ecology,no_ecology1
gen_00308,2,47,706,0,110,NA,NA,NA,gen,no_ecology,no_ecology0
gen_00309,5,33,781,1,110,NA,NA,NA,gen,no_ecology,no_ecology1
gen_00310,3,26,668,0,110,NA,NA,NA,gen,no_ecology,no_ecology0
gen_00311,5,13,592,1,110,NA,NA,NA,gen,no_ecology,no_ecology1
gen_00312,3,40,743,1,110,NA,NA,NA,gen,no_ecology,no_ecology1
gen_00313,2,38,602,1,110,NA,NA,NA,gen,no_ecology,no_ecology1
gen_00314,4,11,753,1,110,NA,NA,NA,gen,no_ecology,no_ecology1
gen_00315,4,52,677,0,110,NA,NA,NA,gen,no_ecology,no_ecology0
gen_00316,3,25,828,1,110,NA,NA,NA,gen,no_ecology,no_ecology1
gen_00317,4,45,640,0,110,NA,NA,NA,gen,no_ecology,no_ecology0
gen_00318,5,32,715,1,110,NA,NA,NA,gen,no_ecology,no_ecology1
gen_00319,3,15,696,0,110,NA,NA,NA,gen,no_ecology,no_ecology0
gen_00320,4,28,621,1,110,NA,NA,NA,gen,no_ecology,no_ecology1
gen_00321,2,55,772,1,110,NA,NA,NA,gen,no_ecology,no_ecology1
gen_00322,2,21,658,0,110,NA,NA,NA,gen,no_ecology,no_ecology0
gen_00323,3,27,569,0,110,NA,NA,NA,gen,no_ecology,no_ecology0
gen_00324,4,14,644,1,110,NA,NA,NA,gen,no_ecology,no_ecology1
gen_00325,2,41,795,1,110,NA,NA,NA,gen,no_ecology,no_ecology1
gen_00326,5,21,682,0,110,NA,NA,NA,gen,no_ecology,no_ecology0
gen_00327,3,7,607,1,110,NA,NA,NA,gen,no_ecology,no_ecology1
gen_00328,4,34,757,1,110,NA,NA,NA,gen,no_ecology,no_ecology1
gen_00329,2,51,625,1,110,NA,NA,NA,gen,no_ecology,no_ecology1
gen_00330,4,24,776,1,110,NA,NA,NA,gen,no_ecology,no_ecology1
gen_00331,4,38,550,1,110,NA,NA,NA,gen,no_ecology,no_ecology1
gen_00332,2,31,739,1,110,NA,NA,NA,gen,no_ecology,no_ecology1
gen_00333,3,44,663,0,110,NA,NA,NA,gen,no_ecology,no_ecology0
gen_00334,5,17,814,0,110,NA,NA,NA,gen,no_ecology,no_ecology0
gen_00335,2,36,823,1,110,NA,NA,NA,gen,no_ecology,no_ecology1
gen_00336,3,22,597,1,110,NA,NA,NA,gen,no_ecology,no_ecology1
gen_00337,4,49,748,0,110,NA,NA,NA,gen,no_ecology,no_ecology0
gen_00338,3,15,559,0,110,NA,NA,NA,gen,no_ecology,no_ecology0
gen_00339,4,43,710,1,110,NA,NA,NA,gen,no_ecology,no_ecology1
gen_00340,5,29,635,1,110,NA,NA,NA,gen,no_ecology,no_ecology1
gen_00341,3,56,786,0,110,NA,NA,NA,gen,no_ecology,no_ecology0
gen_00342,5,46,616,0,110,NA,NA,NA,gen,no_ecology,no_ecology0
gen_00343,3,19,767,1,110,NA,NA,NA,gen,no_ecology,no_ecology1
gen_00344,2,60,691,0,110,NA,NA,NA,gen,no_ecology,no_ecology0
gen_00345,3,39,654,1,110,NA,NA,NA,gen,no_ecology,no_ecology1
gen_00346,5,12,805,1,110,NA,NA,NA,gen,no_ecology,no_ecology1
gen_00347,4,53,578,0,110,NA,NA,NA,gen,no_ecology,no_ecology0
gen_00348,4,19,609,0,110,NA,NA,NA,gen,no_ecology,no_ecology0
gen_00349,3,46,760,0,110,NA,NA,NA,gen,no_ecology,no_ecology0
gen_00350,3,33,684,0,110,NA,NA,NA,gen,no_ecology,no_ecology0
gen_00351,5,60,835,0,110,NA,NA,NA,gen,no_ecology,no_ecology0
gen_00352,4,40,798,1,110,NA,NA,NA,gen,no_ecology,no_ecology1
gen_00353,5,26,571,1,110,NA,NA,NA,gen,no_ecology,no_ecology1
gen_00354,5,36,666,1,110,NA,NA,NA,gen,no_ecology,no_ecology1
gen_00355,2,50,590,1,110,NA,NA,NA,gen,no_ecology,no_ecology1
gen_00356,4,23,741,0,110,NA,NA,NA,gen,no_ecology,no_ecology0
gen_00357,3,43,552,1,110,NA,NA,NA,gen,no_ecology,no_ecology1
gen_00358,4,16,703,1,110,NA,NA,NA,gen,no_ecology,no_ecology1
gen_00359,2,29,779,1,110,NA,NA,NA,gen,no_ecology,no_ecology1
gen_00360,3,24,637,1,110,NA,NA,NA,gen,no_ecology,no_ecology1
gen_00361,4,11,562,1,110,NA,NA,NA,gen,no_ecology,no_ecology1
gen_00362,2,38,713,0,110,NA,NA,NA,gen,no_ecology,no_ecology0
gen_00363,4,31,600,1,110,NA,NA,NA,gen,no_ecology,no_ecology1
gen_00364,2,18,675,1,110,NA,NA,NA,gen,no_ecology,no_ecology1
gen_00365,4,45,826,0,110,NA,NA,NA,gen,no_ecology,no_ecology0
gen_00366,3,55,581,0,110,NA,NA,NA,gen,no_ecology,no_ecology0
gen_00367,4,28,732,0,110,NA,NA,NA,gen,no_ecology,no_ecology0
gen_00368,5,41,656,1,110,NA,NA,NA,gen,no_ecology,no_ecology1
gen_00369,3,14,807,1,110,NA,NA,NA,gen,no_ecology,no_ecology1
gen_00370,3,35,618,0,110,NA,NA,NA,gen,no_ecology,no_ecology0
gen_00371,2,42,689,1,110,NA,NA,NA,gen,no_ecology,no_ecology1
gen_00372,4,15,840,1,110,NA,NA,NA,gen,no_ecology,no_ecology1
gen_00373,3,29,765,1,110,NA,NA,NA,gen,no_ecology,no_ecology1
gen_00374,4,35,576,0,110,NA,NA,NA,gen,no_ecology,no_ecology0
gen_00375,2,8,727,1,110,NA,NA,NA,gen,no_ecology,no_ecology1
gen_00376,3,49,651,1,110,NA,NA,NA,gen,no_ecology,no_ecology1
gen_00377,3,12,595,1,110,NA,NA,NA,gen,no_ecology,no_ecology1
gen_00378,5,39,746,1,110,NA,NA,NA,gen,no_ecology,no_ecology1
gen_00379,4,25,670,1,110,NA,NA,NA,gen,no_ecology,no_ecology1
gen_00380,3,52,821,0,110,NA,NA,NA,gen,no_ecology,no_ecology0
gen_00381,5,18,633,1,110,NA,NA,NA,gen,no_ecology,no_ecology1
gen_00382,3,46,783,1,110,NA,NA,NA,gen,no_ecology,no_ecology1
gen_00383,2,32,557,1,110,NA,NA,NA,gen,no_ecology,no_ecology1
gen_00384,5,47,567,0,110,NA,NA,NA,gen,no_ecology,no_ecology0
gen_00385,3,34,642,0,110,NA,NA,NA,gen,no_ecology,no_ecology0
gen_00386,4,7,793,1,110,NA,NA,NA,gen,no_ecology,no_ecology1
gen_00387,3,54,680,0,110,NA,NA,NA,gen,no_ecology,no_ecology0
gen_00388,5,27,831,1,110,NA,NA,NA,gen,no_ecology,no_ecology1
gen_00389,4,40,604,1,110,NA,NA,NA,gen,no_ecology,no_ecology1
gen_00390,2,13,755,0,110,NA,NA,NA,gen,no_ecology,no_ecology0
gen_00391,4,30,661,0,110,NA,NA,NA,gen,no_ecology,no_ecology0
gen_00392,5,44,736,0,110,NA,NA,NA,gen,no_ecology,no_ecology0
gen_00393,4,10,699,1,110,NA,NA,NA,gen,no_ecology,no_ecology1
gen_00394,3,37,849,1,110,NA,NA,NA,gen,no_ecology,no_ecology1
gen_00395,4,21,699,0,110,NA,NA,NA,gen,no_ecology,no_ecology0
gen_00396,2,48,850,0,110,NA,NA,NA,gen,no_ecology,no_ecology0
gen_00397,3,8,624,1,110,NA,NA,NA,gen,no_ecology,no_ecology1
gen_00398,5,35,775,0,110,NA,NA,NA,gen,no_ecology,no_ecology0
gen_00399,2,28,586,1,110,NA,NA,NA,gen,no_ecology,no_ecology1
gen_00400,3,42,812,1,110,NA,NA,NA,gen,no_ecology,no_ecology1
gen_00401,3,45,680,1,110,NA,NA,NA,gen,no_ecology,no_ecology1
gen_00402,3,52,643,1,110,NA,NA,NA,gen,no_ecology,no_ecology1
gen_00403,5,25,793,0,110,NA,NA,NA,gen,no_ecology,no_ecology0
gen_00404,4,38,567,0,110,NA,NA,NA,gen,no_ecology,no_ecology0
gen_00405,2,11,718,1,110,NA,NA,NA,gen,no_ecology,no_ecology1
gen_00406,3,13,558,0,110,NA,NA,NA,gen,no_ecology,no_ecology0
gen_00407,5,40,709,0,110,NA,NA,NA,gen,no_ecology,no_ecology0
gen_00408,4,26,633,1,110,NA,NA,NA,gen,no_ecology,no_ecology1
gen_00409,3,33,822,1,110,NA,NA,NA,gen,no_ecology,no_ecology1
gen_00410,2,20,595,0,110,NA,NA,NA,gen,no_ecology,no_ecology0
gen_00411,4,47,746,0,110,NA,NA,NA,gen,no_ecology,no_ecology0
gen_00412,3,37,652,0,110,NA,NA,NA,gen,no_ecology,no_ecology0
gen_00413,5,50,577,1,110,NA,NA,NA,gen,no_ecology,no_ecology1
gen_00414,3,23,727,1,110,NA,NA,NA,gen,no_ecology,no_ecology1
gen_00415,4,43,614,0,110,NA,NA,NA,gen,no_ecology,no_ecology0
gen_00416,2,16,765,0,110,NA,NA,NA,gen,no_ecology,no_ecology0
gen_00417,3,53,619,1,110,NA,NA,NA,gen,no_ecology,no_ecology1
gen_00418,4,26,770,1,110,NA,NA,NA,gen,no_ecology,no_ecology1
gen_00419,5,39,694,0,110,NA,NA,NA,gen,no_ecology,no_ecology0
gen_00420,3,12,845,1,110,NA,NA,NA,gen,no_ecology,no_ecology1
gen_00421,4,59,657,1,110,NA,NA,NA,gen,no_ecology,no_ecology1
gen_00422,2,32,808,1,110,NA,NA,NA,gen,no_ecology,no_ecology1
gen_00423,3,46,581,1,110,NA,NA,NA,gen,no_ecology,no_ecology1
gen_00424,5,19,732,1,110,NA,NA,NA,gen,no_ecology,no_ecology1
gen_00425,3,29,676,1,110,NA,NA,NA,gen,no_ecology,no_ecology1
gen_00426,4,15,600,1,110,NA,NA,NA,gen,no_ecology,no_ecology1
gen_00427,3,42,751,1,110,NA,NA,NA,gen,no_ecology,no_ecology1
gen_00428,4,22,562,1,110,NA,NA,NA,gen,no_ecology,no_ecology1
gen_00429,3,33,700,1,110,NA,NA,NA,gen,no_ecology,no_ecology1
gen_00430,4,19,624,1,110,NA,NA,NA,gen,no_ecology,no_ecology1
gen_00431,3,47,775,1,110,NA,NA,NA,gen,no_ecology,no_ecology1
gen_00432,4,13,662,0,110,NA,NA,NA,gen,no_ecology,no_ecology0
gen_00433,2,40,813,0,110,NA,NA,NA,gen,no_ecology,no_ecology0
gen_00434,3,26,587,0,110,NA,NA,NA,gen,no_ecology,no_ecology0
gen_00435,5,53,737,0,110,NA,NA,NA,gen,no_ecology,no_ecology0
gen_00436,3,43,643,1,110,NA,NA,NA,gen,no_ecology,no_ecology1
gen_00437,4,16,794,1,110,NA,NA,NA,gen,no_ecology,no_ecology1
gen_00438,4,57,568,1,110,NA,NA,NA,gen,no_ecology,no_ecology1
gen_00439,5,36,605,1,110,NA,NA,NA,gen,no_ecology,no_ecology1
gen_00440,3,9,756,1,110,NA,NA,NA,gen,no_ecology,no_ecology1
gen_00441,3,50,681,0,110,NA,NA,NA,gen,no_ecology,no_ecology0
gen_00442,4,23,832,1,110,NA,NA,NA,gen,no_ecology,no_ecology1
gen_00443,5,28,690,1,110,NA,NA,NA,gen,no_ecology,no_ecology1
gen_00444,2,14,615,1,110,NA,NA,NA,gen,no_ecology,no_ecology1
gen_00445,4,42,766,1,110,NA,NA,NA,gen,no_ecology,no_ecology1
gen_00446,3,21,577,0,110,NA,NA,NA,gen,no_ecology,no_ecology0
gen_00447,4,8,653,1,110,NA,NA,NA,gen,no_ecology,no_ecology1
gen_00448,4,52,596,0,110,NA,NA,NA,gen,no_ecology,no_ecology0
gen_00449,2,25,747,1,110,NA,NA,NA,gen,no_ecology,no_ecology1
gen_00450,3,38,671,0,110,NA,NA,NA,gen,no_ecology,no_ecology0
gen_00451,4,11,822,0,110,NA,NA,NA,gen,no_ecology,no_ecology0
gen_00452,2,59,634,1,110,NA,NA,NA,gen,no_ecology,no_ecology1
gen_00453,4,31,785,1,110,NA,NA,NA,gen,no_ecology,no_ecology1
gen_00454,5,45,558,0,110,NA,NA,NA,gen,no_ecology,no_ecology0
gen_00455,3,18,709,1,110,NA,NA,NA,gen,no_ecology,no_ecology1
gen_00456,4,37,629,0,110,NA,NA,NA,gen,no_ecology,no_ecology0
gen_00457,2,10,780,0,110,NA,NA,NA,gen,no_ecology,no_ecology0
gen_00458,3,51,554,1,110,NA,NA,NA,gen,no_ecology,no_ecology1
gen_00459,5,24,704,1,110,NA,NA,NA,gen,no_ecology,no_ecology1
gen_00460,3,44,591,0,110,NA,NA,NA,gen,no_ecology,no_ecology0
gen_00461,4,17,742,1,110,NA,NA,NA,gen,no_ecology,no_ecology1
gen_00462,5,58,667,0,110,NA,NA,NA,gen,no_ecology,no_ecology0
gen_00463,3,31,818,0,110,NA,NA,NA,gen,no_ecology,no_ecology0
gen_00464,4,14,572,1,110,NA,NA,NA,gen,no_ecology,no_ecology1
gen_00465,3,41,723,0,110,NA,NA,NA,gen,no_ecology,no_ecology0
gen_00466,2,27,648,1,110,NA,NA,NA,gen,no_ecology,no_ecology1
gen_00467,3,7,686,1,110,NA,NA,NA,gen,no_ecology,no_ecology1
gen_00468,5,34,836,1,110,NA,NA,NA,gen,no_ecology,no_ecology1
gen_00469,4,20,610,0,110,NA,NA,NA,gen,no_ecology,no_ecology0
gen_00470,3,59,620,0,110,NA,NA,NA,gen,no_ecology,no_ecology0
gen_00471,4,32,770,1,110,NA,NA,NA,gen,no_ecology,no_ecology1
gen_00472,4,46,695,1,110,NA,NA,NA,gen,no_ecology,no_ecology1
gen_00473,3,25,808,1,110,NA,NA,NA,gen,no_ecology,no_ecology1
gen_00474,2,39,582,1,110,NA,NA,NA,gen,no_ecology,no_ecology1
gen_00475,2,22,676,1,110,NA,NA,NA,gen,no_ecology,no_ecology1
gen_00476,3,36,752,0,110,NA,NA,NA,gen,no_ecology,no_ecology0
gen_00477,4,29,563,0,110,NA,NA,NA,gen,no_ecology,no_ecology0
gen_00478,5,42,789,1,110,NA,NA,NA,gen,no_ecology,no_ecology1
gen_00479,5,22,820,1,110,NA,NA,NA,gen,no_ecology,no_ecology1
gen_00480,4,36,594,1,110,NA,NA,NA,gen,no_ecology,no_ecology1
gen_00481,3,9,744,0,110,NA,NA,NA,gen,no_ecology,no_ecology0
gen_00482,4,56,556,0,110,NA,NA,NA,gen,no_ecology,no_ecology0
gen_00483,3,29,707,1,110,NA,NA,NA,gen,no_ecology,no_ecology1
gen_00484,2,43,631,0,110,NA,NA,NA,gen,no_ecology,no_ecology0
gen_00485,4,16,782,1,110,NA,NA,NA,gen,no_ecology,no_ecology1
gen_00486,2,33,612,1,110,NA,NA,NA,gen,no_ecology,no_ecology1
gen_00487,5,19,688,1,110,NA,NA,NA,gen,no_ecology,no_ecology1
gen_00488,4,26,650,0,110,NA,NA,NA,gen,no_ecology,no_ecology0
gen_00489,2,53,801,0,110,NA,NA,NA,gen,no_ecology,no_ecology0
gen_00490,3,12,575,1,110,NA,NA,NA,gen,no_ecology,no_ecology1
gen_00491,4,39,726,1,110,NA,NA,NA,gen,no_ecology,no_ecology1
gen_00492,4,41,584,0,110,NA,NA,NA,gen,no_ecology,no_ecology0
gen_00493,5,28,811,0,110,NA,NA,NA,gen,no_ecology,no_ecology0
gen_00494,2,34,697,0,110,NA,NA,NA,gen,no_ecology,no_ecology0
gen_00495,4,48,622,0,110,NA,NA,NA,gen,no_ecology,no_ecology0
gen_00496,5,11,641,1,110,NA,NA,NA,gen,no_ecology,no_ecology1
gen_00497,3,17,603,1,110,NA,NA,NA,gen,no_ecology,no_ecology1
gen_00498,4,31,678,1,110,NA,NA,NA,gen,no_ecology,no_ecology1
gen_00499,2,58,829,0,110,NA,NA,NA,gen,no_ecology,no_ecology0
gen_00500,5,25,589,0,110,NA,NA,NA,gen,no_ecology,no_ecology0
gen_00501,3,11,664,1,110,NA,NA,NA,gen,no_ecology,no_ecology1
gen_00502,3,32,627,1,110,NA,NA,NA,gen,no_ecology,no_ecology1
gen_00503,4,18,551,0,110,NA,NA,NA,gen,no_ecology,no_ecology0
gen_00504,4,56,683,0,110,NA,NA,NA,gen,no_ecology,no_ecology0
gen_00505,3,28,834,0,110,NA,NA,NA,gen,no_ecology,no_ecology0
gen_00506,3,42,608,1,110,NA,NA,NA,gen,no_ecology,no_ecology1
gen_00507,5,15,759,1,110,NA,NA,NA,gen,no_ecology,no_ecology1
gen_00508,2,49,570,1,110,NA,NA,NA,gen,no_ecology,no_ecology1
gen_00509,4,22,721,1,110,NA,NA,NA,gen,no_ecology,no_ecology1
gen_00510,5,35,645,1,110,NA,NA,NA,gen,no_ecology,no_ecology1
gen_00511,3,17,655,1,110,NA,NA,NA,gen,no_ecology,no_ecology1
gen_00512,5,30,579,1,110,NA,NA,NA,gen,no_ecology,no_ecology1
gen_00513,2,37,768,1,110,NA,NA,NA,gen,no_ecology,no_ecology1
gen_00514,3,23,693,1,110,NA,NA,NA,gen,no_ecology,no_ecology1
gen_00515,5,50,844,0,110,NA,NA,NA,gen,no_ecology,no_ecology0
gen_00516,3,33,561,0,110,NA,NA,NA,gen,no_ecology,no_ecology0
gen_00517,5,6,711,1,110,NA,NA,NA,gen,no_ecology,no_ecology1
gen_00518,4,47,636,1,110,NA,NA,NA,gen,no_ecology,no_ecology1
gen_00519,2,20,787,1,110,NA,NA,NA,gen,no_ecology,no_ecology1
gen_00520,4,40,674,1,110,NA,NA,NA,gen,no_ecology,no_ecology1
gen_00521,2,54,598,0,110,NA,NA,NA,gen,no_ecology,no_ecology0
gen_00522,4,27,749,0,110,NA,NA,NA,gen,no_ecology,no_ecology0
gen_00523,3,30,800,0,110,NA,NA,NA,gen,no_ecology,no_ecology0
gen_00524,2,43,574,1,110,NA,NA,NA,gen,no_ecology,no_ecology1
gen_00525,4,16,724,1,110,NA,NA,NA,gen,no_ecology,no_ecology1
gen_00526,3,50,611,0,110,NA,NA,NA,gen,no_ecology,no_ecology0
gen_00527,5,23,762,0,110,NA,NA,NA,gen,no_ecology,no_ecology0
gen_00528,4,37,687,1,110,NA,NA,NA,gen,no_ecology,no_ecology1
gen_00529,4,20,555,1,110,NA,NA,NA,gen,no_ecology,no_ecology1
gen_00530,2,47,706,0,110,NA,NA,NA,gen,no_ecology,no_ecology0
gen_00531,5,33,781,1,110,NA,NA,NA,gen,no_ecology,no_ecology1
gen_00532,3,26,668,0,110,NA,NA,NA,gen,no_ecology,no_ecology0
gen_00533,5,13,592,1,110,NA,NA,NA,gen,no_ecology,no_ecology1
gen_00534,3,40,743,1,110,NA,NA,NA,gen,no_ecology,no_ecology1
gen_00535,2,38,602,1,110,NA,NA,NA,gen,no_ecology,no_ecology1
gen_00536,4,11,753,1,110,NA,NA,NA,gen,no_ecology,no_ecology1
gen_00537,4,52,677,0,110,NA,NA,NA,gen,no_ecology,no_ecology0
gen_00538,3,25,828,1,110,NA,NA,NA,gen,no_ecology,no_ecology1
gen_00539,4,45,640,0,110,NA,NA,NA,gen,no_ecology,no_ecology0
gen_00540,3,59,564,1,110,NA,NA,NA,gen,no_ecology,no_ecology1
gen_00541,5,32,715,1,110,NA,NA,NA,gen,no_ecology,no_ecology1
gen_00542,3,15,696,0,110,NA,NA,NA,gen,no_ecology,no_ecology0
gen_00543,4,28,621,1,110,NA,NA,NA,gen,no_ecology,no_ecology1
gen_00544,2,55,772,1,110,NA,NA,NA,gen,no_ecology,no_ecology1
gen_00545,2,21,658,0,110,NA,NA,NA,gen,no_ecology,no_ecology0
gen_00546,3,27,569,0,110,NA,NA,NA,gen,no_ecology,no_ecology0
gen_00547,4,14,644,1,110,NA,NA,NA,gen,no_ecology,no_ecology1
gen_00548,2,41,795,1,110,NA,NA,NA,gen,no_ecology,no_ecology1
gen_00549,5,21,682,0,110,NA,NA,NA,gen,no_ecology,no_ecology0
gen_00550,4,24,776,1,110,NA,NA,NA,gen,no_ecology,no_ecology1
gen_00551,4,38,550,1,110,NA,NA,NA,gen,no_ecology,no_ecology1
gen_00552,2,31,739,1,110,NA,NA,NA,gen,no_ecology,no_ecology1
gen_00553,3,44,663,0,110,NA,NA,NA,gen,no_ecology,no_ecology0
gen_00554,5,17,814,0,110,NA,NA,NA,gen,no_ecology,no_ecology0
gen_00555,2,36,823,1,110,NA,NA,NA,gen,no_ecology,no_ecology1
gen_00556,3,22,597,1,110,NA,NA,NA,gen,no_ecology,no_ecology1
gen_00557,4,49,748,0,110,NA,NA,NA,gen,no_ecology,no_ecology0
gen_00558,3,15,559,0,110,NA,NA,NA,gen,no_ecology,no_ecology0
gen_00559,4,43,710,1,110,NA,NA,NA,gen,no_ecology,no_ecology1
gen_00560,5,29,635,1,110,NA,NA,NA,gen,no_ecology,no_ecology1
gen_00561,3,56,786,0,110,NA,NA,NA,gen,no_ecology,no_ecology0
gen_00562,5,46,616,0,110,NA,NA,NA,gen,no_ecology,no_ecology0
gen_00563,3,19,767,1,110,NA,NA,NA,gen,no_ecology,no_ecology1
gen_00564,2,60,691,0,110,NA,NA,NA,gen,no_ecology,no_ecology0
gen_00565,3,39,654,1,110,NA,NA,NA,gen,no_ecology,no_ecology1
gen_00566,5,12,805,1,110,NA,NA,NA,gen,no_ecology,no_ecology1
gen_00567,4,53,578,0,110,NA,NA,NA,gen,no_ecology,no_ecology0
gen_00568,3,26,729,0,110,NA,NA,NA,gen,no_ecology,no_ecology0
gen_00569,4,19,609,0,110,NA,NA,NA,gen,no_ecology,no_ecology0
gen_00570,3,46,760,0,110,NA,NA,NA,gen,no_ecology,no_ecology0
gen_00571,3,33,684,0,110,NA,NA,NA,gen,no_ecology,no_ecology0
gen_00572,5,60,835,0,110,NA,NA,NA,gen,no_ecology,no_ecology0
gen_00573,5,26,571,1,110,NA,NA,NA,gen,no_ecology,no_ecology1
gen_00574,5,36,666,1,110,NA,NA,NA,gen,no_ecology,no_ecology1
gen_00575,2,50,590,1,110,NA,NA,NA,gen,no_ecology,no_ecology1
gen_00576,4,23,741,0,110,NA,NA,NA,gen,no_ecology,no_ecology0
gen_00577,3,43,552,1,110,NA,NA,NA,gen,no_ecology,no_ecology1
gen_00578,4,16,703,1,110,NA,NA,NA,gen,no_ecology,no_ecology1
gen_00579,2,29,779,1,110,NA,NA,NA,gen,no_ecology,no_ecology1
gen_00580,3,24,637,1,110,NA,NA,NA,gen,no_ecology,no_ecology1
gen_00581,4,11,562,1,110,NA,NA,NA,gen,no_ecology,no_ecology1
gen_00582,2,38,713,0,110,NA,NA,NA,gen,no_ecology,no_ecology0
gen_00583,4,31,600,1,110,NA,NA,NA,gen,no_ecology,no_ecology1
gen_00584,2,18,675,1,110,NA,NA,NA,gen,no_ecology,no_ecology1
gen_00585,4,45,826,0,110,NA,NA,NA,gen,no_ecology,no_ecology0
gen_00586,3,55,581,0,110,NA,NA,NA,gen,no_ecology,no_ecology0
gen_00587,4,28,732,0,110,NA,NA,NA,gen,no_ecology,no_ecology0
gen_00588,5,41,656,1,110,NA,NA,NA,gen,no_ecology,no_ecology1
gen_00589,3,14,807,1,110,NA,NA,NA,gen,no_ecology,no_ecology1
gen_00590,3,35,618,0,110,NA,NA,NA,gen,no_ecology,no_ecology0
gen_00591,2,42,689,1,110,NA,NA,NA,gen,no_ecology,no_ecology1
gen_00592,4,15,840,1,110,NA,NA,NA,gen,no_ecology,no_ecology1
gen_00593,3,29,765,1,110,NA,NA,NA,gen,no_ecology,no_ecology1
gen_00594,4,35,576,0,110,NA,NA,NA,gen,no_ecology,no_ecology0
gen_00595,2,8,727,1,110,NA,NA,NA,gen,no_ecology,no_ecology1
gen_00596,3,49,651,1,110,NA,NA,NA,gen,no_ecology,no_ecology1
gen_00597,3,12,595,1,110,NA,NA,NA,gen,no_ecology,no_ecology1
gen_00598,5,39,746,1,110,NA,NA,NA,gen,no_ecology,no_ecology1
gen_00599,4,25,670,1,110,NA,NA,NA,gen,no_ecology,no_ecology1
gen_00600,3,52,821,0,110,NA,NA,NA,gen,no_ecology,no_ecology0
gen_00601,5,18,633,1,110,NA,NA,NA,gen,no_ecology,no_ecology1
gen_00602,2,32,557,1,110,NA,NA,NA,gen,no_ecology,no_ecology1
gen_00603,5,47,567,0,110,NA,NA,NA,gen,no_ecology,no_ecology0
gen_00604,3,34,642,0,110,NA,NA,NA,gen,no_ecology,no_ecology0
gen_00605,4,7,793,1,110,NA,NA,NA,gen,no_ecology,no_ecology1
gen_00606,3,54,680,0,110,NA,NA,NA,gen,no_ecology,no_ecology0
gen_00607,5,27,831,1,110,NA,NA,NA,gen,no_ecology,no_ecology1
gen_00608,4,40,604,1,110,NA,NA,NA,gen,no_ecology,no_ecology1
gen_00609,2,13,755,0,110,NA,NA,NA,gen,no_ecology,no_ecology0
gen_00610,4,30,661,0,110,NA,NA,NA,gen,no_ecology,no_ecology0
gen_00611,5,44,736,0,110,NA,NA,NA,gen,no_ecology,no_ecology0
gen_00612,4,10,699,1,110,NA,NA,NA,gen,no_ecology,no_ecology1
gen_00613,3,37,849,1,110,NA,NA,NA,gen,no_ecology,no_ecology1
gen_00614,4,21,699,0,110,NA,NA,NA,gen,no_ecology,no_ecology0
gen_00615,2,48,850,0,110,NA,NA,NA,gen,no_ecology,no_ecology0
gen_00616,3,8,624,1,110,NA,NA,NA,gen,no_ecology,no_ecology1
gen_00617,5,35,775,0,110,NA,NA,NA,gen,no_ecology,no_ecology0
gen_00618,2,28,586,1,110,NA,NA,NA,gen,no_ecology,no_ecology1
gen_00619,4,14,661,0,110,NA,NA,NA,gen,no_ecology,no_ecology0
gen_00620,5,59,605,1,110,NA,NA,NA,gen,no_ecology,no_ecology1
gen_00621,3,45,680,1,110,NA,NA,NA,gen,no_ecology,no_ecology1
gen_00622,3,52,643,1,110,NA,NA,NA,gen,no_ecology,no_ecology1
gen_00623,5,25,793,0,110,NA,NA,NA,gen,no_ecology,no_ecology0
gen_00624,4,38,567,0,110,NA,NA,NA,gen,no_ecology,no_ecology0
gen_00625,2,11,718,1,110,NA,NA,NA,gen,no_ecology,no_ecology1
gen_00626,5,40,709,0,110,NA,NA,NA,gen,no_ecology,no_ecology0
gen_00627,4,26,633,1,110,NA,NA,NA,gen,no_ecology,no_ecology1
gen_00628,3,33,822,1,110,NA,NA,NA,gen,no_ecology,no_ecology1
gen_00629,2,20,595,0,110,NA,NA,NA,gen,no_ecology,no_ecology0
gen_00630,4,47,746,0,110,NA,NA,NA,gen,no_ecology,no_ecology0
gen_00631,3,37,652,0,110,NA,NA,NA,gen,no_ecology,no_ecology0
gen_00632,5,50,577,1,110,NA,NA,NA,gen,no_ecology,no_ecology1
gen_00633,3,23,727,1,110,NA,NA,NA,gen,no_ecology,no_ecology1
gen_00634,4,43,614,0,110,NA,NA,NA,gen,no_ecology,no_ecology0
gen_00635,2,16,765,0,110,NA,NA,NA,gen,no_ecology,no_ecology0
gen_00636,4,26,770,1,110,NA,NA,NA,gen,no_ecology,no_ecology1
gen_00637,5,39,694,0,110,NA,NA,NA,gen,no_ecology,no_ecology0
gen_00638,3,12,845,1,110,NA,NA,NA,gen,no_ecology,no_ecology1
gen_00639,4,59,657,1,110,NA,NA,NA,gen,no_ecology,no_ecology1
gen_00640,2,32,808,1,110,NA,NA,NA,gen,no_ecology,no_ecology1
gen_00641,3,46,581,1,110,NA,NA,NA,gen,no_ecology,no_ecology1
gen_00642,5,19,732,1,110,NA,NA,NA,gen,no_ecology,no_ecology1
gen_00643,3,29,676,1,110,NA,NA,NA,gen,no_ecology,no_ecology1
gen_00644,4,15,600,1,110,NA,NA,NA,gen,no_ecology,no_ecology1
gen_00645,4,22,562,1,110,NA,NA,NA,gen,no_ecology,no_ecology1
gen_00646,4,19,624,1,110,0.008,3,NA,gen,temperature_sp,temperature_sp1
gen_00647,4,13,662,0,110,0.009,6,NA,gen,temperature_sp,temperature_sp0
gen_00648,2,40,813,0,110,0.004,3,NA,gen,temperature_sp,temperature_sp0
gen_00649,3,26,587,0,110,0.002,5,NA,gen,temperature_sp,temperature_sp0
gen_00650,4,16,794,1,110,0.002,5,NA,gen,temperature_sp,temperature_sp1
gen_00651,2,30,719,0,110,0.008,6,NA,gen,temperature_sp,temperature_sp0
gen_00652,3,9,756,1,110,0.009,3,NA,gen,temperature_sp,temperature_sp1
gen_00653,3,50,681,0,110,0.007,4,NA,gen,temperature_sp,temperature_sp0
gen_00654,4,23,832,1,110,0.003,2,NA,gen,temperature_sp,temperature_sp1
gen_00655,5,28,690,1,110,0.004,3,NA,gen,temperature_sp,temperature_sp1
gen_00656,2,14,615,1,110,0.006,2,NA,gen,temperature_sp,temperature_sp1
gen_00657,3,21,577,0,110,0.007,5,NA,gen,temperature_sp,temperature_sp0
gen_00658,4,8,653,1,110,0.005,6,NA,gen,temperature_sp,temperature_sp1
gen_00659,2,25,747,1,110,0.004,6,NA,gen,temperature_sp,temperature_sp1
gen_00660,4,31,785,1,110,0.007,2,NA,gen,temperature_sp,temperature_sp1
gen_00661,3,18,709,1,110,0.005,3,NA,gen,temperature_sp,temperature_sp1
gen_00662,2,10,780,0,110,0.003,3,NA,gen,temperature_sp,temperature_sp0
gen_00663,5,24,704,1,110,0.01,4,NA,gen,temperature_sp,temperature_sp1
gen_00664,4,17,742,1,110,0.008,5,NA,gen,temperature_sp,temperature_sp1
gen_00665,3,31,818,0,110,0.002,4,NA,gen,temperature_sp,temperature_sp0
gen_00666,4,14,572,1,110,0.002,4,NA,gen,temperature_sp,temperature_sp1
gen_00667,3,41,723,0,110,0.007,2,NA,gen,temperature_sp,temperature_sp0
gen_00668,2,27,648,1,110,0.009,5,NA,gen,temperature_sp,temperature_sp1
gen_00669,3,7,686,1,110,0.008,4,NA,gen,temperature_sp,temperature_sp1
gen_00670,4,20,610,0,110,0.001,3,NA,gen,temperature_sp,temperature_sp0
gen_00671,2,39,582,1,110,0.009,3,NA,gen,temperature_sp,temperature_sp1
gen_00672,4,12,733,0,110,0.004,5,NA,gen,temperature_sp,temperature_sp0
gen_00673,2,22,676,1,110,0.005,5,NA,gen,temperature_sp,temperature_sp1
gen_00674,4,8,601,0,110,0.007,4,NA,gen,temperature_sp,temperature_sp0
gen_00675,3,36,752,0,110,0.003,2,NA,gen,temperature_sp,temperature_sp0
gen_00676,4,29,563,0,110,0.006,3,NA,gen,temperature_sp,temperature_sp0
gen_00677,3,15,638,0,110,0.004,4,NA,gen,temperature_sp,temperature_sp0
gen_00678,5,22,820,1,110,0.007,3,NA,gen,temperature_sp,temperature_sp1
gen_00679,4,56,556,0,110,0.009,3,NA,gen,temperature_sp,temperature_sp0
gen_00680,2,43,631,0,110,0.002,4,NA,gen,temperature_sp,temperature_sp0
gen_00681,4,16,782,1,110,0.006,6,NA,gen,temperature_sp,temperature_sp1
gen_00682,5,19,688,1,110,0.005,5,NA,gen,temperature_sp,temperature_sp1
gen_00683,4,26,650,0,110,0.003,2,NA,gen,temperature_sp,temperature_sp0
gen_00684,2,53,801,0,110,0.008,4,NA,gen,temperature_sp,temperature_sp0
gen_00685,3,12,575,1,110,0.006,3,NA,gen,temperature_sp,temperature_sp1
gen_00686,5,28,811,0,110,0.003,3,NA,gen,temperature_sp,temperature_sp0
gen_00687,2,34,697,0,110,0.007,4,NA,gen,temperature_sp,temperature_sp0
gen_00688,4,7,848,1,110,0.002,6,NA,gen,temperature_sp,temperature_sp1
gen_00689,3,21,773,0,110,0.009,5,NA,gen,temperature_sp,temperature_sp0
gen_00690,5,11,641,1,110,0.009,5,NA,gen,temperature_sp,temperature_sp1
gen_00691,3,24,565,0,110,0.003,6,NA,gen,temperature_sp,temperature_sp0
gen_00692,3,17,603,1,110,0.001,3,NA,gen,temperature_sp,temperature_sp1
gen_00693,4,31,678,1,110,0.008,2,NA,gen,temperature_sp,temperature_sp1
gen_00694,2,58,829,0,110,0.004,4,NA,gen,temperature_sp,temperature_sp0
gen_00695,5,25,589,0,110,0.006,4,NA,gen,temperature_sp,temperature_sp0
gen_00696,3,11,664,1,110,0.003,3,NA,gen,temperature_sp,temperature_sp1
gen_00697,4,18,551,0,110,0.007,5,NA,gen,temperature_sp,temperature_sp0
gen_00698,3,28,834,0,110,0.006,5,NA,gen,temperature_sp,temperature_sp0
gen_00699,3,42,608,1,110,0.008,2,NA,gen,temperature_sp,temperature_sp1
gen_00700,5,15,759,1,110,0.004,4,NA,gen,temperature_sp,temperature_sp1
gen_00701,4,22,721,1,110,0.005,3,NA,gen,temperature_sp,temperature_sp1
gen_00702,3,8,796,1,110,0.007,4,NA,gen,temperature_sp,temperature_sp1
gen_00703,3,17,655,1,110,0.008,3,NA,gen,temperature_sp,temperature_sp1
gen_00704,5,30,579,1,110,0.001,4,NA,gen,temperature_sp,temperature_sp1
gen_00705,4,10,617,0,110,0.002,5,NA,gen,temperature_sp,temperature_sp0
gen_00706,2,37,768,1,110,0.007,3,NA,gen,temperature_sp,temperature_sp1
gen_00707,3,23,693,1,110,0.009,4,NA,gen,temperature_sp,temperature_sp1
gen_00708,5,50,844,0,110,0.005,2,NA,gen,temperature_sp,temperature_sp0
gen_00709,3,33,561,0,110,0.004,2,NA,gen,temperature_sp,temperature_sp0
gen_00710,5,6,711,1,110,0.009,4,NA,gen,temperature_sp,temperature_sp1
gen_00711,2,20,787,1,110,0.002,5,NA,gen,temperature_sp,temperature_sp1
gen_00712,3,13,825,0,110,0.003,4,NA,gen,temperature_sp,temperature_sp0
gen_00713,2,54,598,0,110,0.005,5,NA,gen,temperature_sp,temperature_sp0
gen_00714,4,27,749,0,110,0.01,3,NA,gen,temperature_sp,temperature_sp0
gen_00715,3,30,800,0,110,0.01,6,NA,gen,temperature_sp,temperature_sp0
gen_00716,2,43,574,1,110,0.007,3,NA,gen,temperature_sp,temperature_sp1
gen_00717,4,16,724,1,110,0.003,5,NA,gen,temperature_sp,temperature_sp1
gen_00718,5,23,762,0,110,0.002,2,NA,gen,temperature_sp,temperature_sp0
gen_00719,4,20,555,1,110,0.009,3,NA,gen,temperature_sp,temperature_sp1
gen_00720,2,47,706,0,110,0.005,5,NA,gen,temperature_sp,temperature_sp0
gen_00721,5,13,592,1,110,0.008,6,NA,gen,temperature_sp,temperature_sp1
gen_00722,4,11,753,1,110,0.008,5,NA,gen,temperature_sp,temperature_sp1
gen_00723,3,25,828,1,110,0.005,6,NA,gen,temperature_sp,temperature_sp1
gen_00724,5,32,715,1,110,0.007,2,NA,gen,temperature_sp,temperature_sp1
gen_00725,3,15,696,0,110,0.007,2,NA,gen,temperature_sp,temperature_sp0
gen_00726,4,28,621,1,110,0.005,3,NA,gen,temperature_sp,temperature_sp1
gen_00727,5,8,583,1,110,0.004,6,NA,gen,temperature_sp,temperature_sp1
gen_00728,3,27,569,0,110,0.008,5,NA,gen,temperature_sp,temperature_sp0
gen_00729,4,14,644,1,110,0.001,4,NA,gen,temperature_sp,temperature_sp1
gen_00730,2,41,795,1,110,0.006,2,NA,gen,temperature_sp,temperature_sp1
gen_00731,5,21,682,0,110,0.002,3,NA,gen,temperature_sp,temperature_sp0
gen_00732,3,7,607,1,110,0.009,4,NA,gen,temperature_sp,temperature_sp1
gen_00733,4,24,776,1,110,0.008,4,NA,gen,temperature_sp,temperature_sp1
gen_00734,2,31,739,1,110,0.003,4,NA,gen,temperature_sp,temperature_sp1
gen_00735,3,44,663,0,110,0.005,3,NA,gen,temperature_sp,temperature_sp0
gen_00736,4,9,673,1,110,0.006,4,NA,gen,temperature_sp,temperature_sp1
gen_00737,2,36,823,1,110,0.001,2,NA,gen,temperature_sp,temperature_sp1
gen_00738,3,22,597,1,110,0.004,5,NA,gen,temperature_sp,temperature_sp1
gen_00739,4,49,748,0,110,0.008,3,NA,gen,temperature_sp,temperature_sp0
gen_00740,3,15,559,0,110,0.005,4,NA,gen,temperature_sp,temperature_sp0
gen_00741,5,29,635,1,110,0.007,3,NA,gen,temperature_sp,temperature_sp1
gen_00742,3,56,786,0,110,0.002,5,NA,gen,temperature_sp,temperature_sp0
gen_00743,3,19,767,1,110,0.006,3,NA,gen,temperature_sp,temperature_sp1
gen_00744,2,60,691,0,110,0.009,6,NA,gen,temperature_sp,temperature_sp0
gen_00745,5,12,805,1,110,0.005,5,NA,gen,temperature_sp,temperature_sp1
gen_00746,4,53,578,0,110,0.003,2,NA,gen,temperature_sp,temperature_sp0
gen_00747,3,26,729,0,110,0.008,4,NA,gen,temperature_sp,temperature_sp0
gen_00748,4,19,609,0,110,0.003,5,NA,gen,temperature_sp,temperature_sp0
gen_00749,3,46,760,0,110,0.008,3,NA,gen,temperature_sp,temperature_sp0
gen_00750,5,26,571,1,110,0.004,2,NA,gen,temperature_sp,temperature_sp1
gen_00751,4,23,741,0,110,0.006,3,NA,gen,temperature_sp,temperature_sp0
gen_00752,4,16,703,1,110,0.007,6,NA,gen,temperature_sp,temperature_sp1
gen_00753,2,29,779,1,110,0.005,5,NA,gen,temperature_sp,temperature_sp1
gen_00754,3,24,637,1,110,0.001,6,NA,gen,temperature_sp,temperature_sp1
gen_00755,4,11,562,1,110,0.008,5,NA,gen,temperature_sp,temperature_sp1
gen_00756,2,38,713,0,110,0.004,3,NA,gen,temperature_sp,temperature_sp0
gen_00757,4,31,600,1,110,0.009,2,NA,gen,temperature_sp,temperature_sp1
gen_00758,2,18,675,1,110,0.002,3,NA,gen,temperature_sp,temperature_sp1
gen_00759,4,45,826,0,110,0.007,5,NA,gen,temperature_sp,temperature_sp0
gen_00760,3,14,807,1,110,0.009,2,NA,gen,temperature_sp,temperature_sp1
gen_00761,2,21,845,0,110,0.01,5,NA,gen,temperature_sp,temperature_sp0
gen_00762,3,35,618,0,110,0.008,4,NA,gen,temperature_sp,temperature_sp0
gen_00763,4,7,769,0,110,0.003,6,NA,gen,temperature_sp,temperature_sp0
gen_00764,2,42,689,1,110,0.01,2,NA,gen,temperature_sp,temperature_sp1
gen_00765,4,15,840,1,110,0.005,4,NA,gen,temperature_sp,temperature_sp1
gen_00766,4,35,576,0,110,0.002,6,NA,gen,temperature_sp,temperature_sp0
gen_00767,2,8,727,1,110,0.006,4,NA,gen,temperature_sp,temperature_sp1
gen_00768,4,22,802,0,110,0.004,3,NA,gen,temperature_sp,temperature_sp0
gen_00769,3,12,595,1,110,0.005,3,NA,gen,temperature_sp,temperature_sp1
gen_00770,4,25,670,1,110,0.007,4,NA,gen,temperature_sp,temperature_sp1
gen_00771,3,52,821,0,110,0.002,6,NA,gen,temperature_sp,temperature_sp0
gen_00772,5,18,633,1,110,0.006,5,NA,gen,temperature_sp,temperature_sp1
gen_00773,5,47,567,0,110,0.008,3,NA,gen,temperature_sp,temperature_sp0
gen_00774,3,20,717,0,110,0.003,5,NA,gen,temperature_sp,temperature_sp0
gen_00775,4,7,793,1,110,0.01,4,NA,gen,temperature_sp,temperature_sp1
gen_00776,5,27,831,1,110,0.009,3,NA,gen,temperature_sp,temperature_sp1
gen_00777,2,13,755,0,110,0.002,4,NA,gen,temperature_sp,temperature_sp0
gen_00778,3,17,585,0,110,0.009,3,NA,gen,temperature_sp,temperature_sp0
gen_00779,2,24,623,0,110,0.008,4,NA,gen,temperature_sp,temperature_sp0
gen_00780,4,10,699,1,110,0.001,5,NA,gen,temperature_sp,temperature_sp1
gen_00781,4,21,699,0,110,0.009,6,NA,gen,temperature_sp,temperature_sp0
gen_00782,2,48,850,0,110,0.004,4,NA,gen,temperature_sp,temperature_sp0
gen_00783,3,8,624,1,110,0.002,5,NA,gen,temperature_sp,temperature_sp1
gen_00784,5,35,775,0,110,0.006,3,NA,gen,temperature_sp,temperature_sp0
gen_00785,2,28,586,1,110,0.003,2,NA,gen,temperature_sp,temperature_sp1
gen_00786,4,14,661,0,110,0.01,3,NA,gen,temperature_sp,temperature_sp0
gen_00787,4,18,831,0,110,0.001,2,NA,gen,temperature_sp,temperature_sp0
gen_00788,5,25,793,0,110,0.002,5,NA,gen,temperature_sp,temperature_sp0
gen_00789,4,38,567,0,110,0.005,4,NA,gen,temperature_sp,temperature_sp0
gen_00790,2,11,718,1,110,0.009,6,NA,gen,temperature_sp,temperature_sp1
gen_00791,3,13,558,0,110,0.007,5,NA,gen,temperature_sp,temperature_sp0
gen_00792,4,26,633,1,110,0.004,6,NA,gen,temperature_sp,temperature_sp1
gen_00793,2,20,595,0,110,0.008,2,NA,gen,temperature_sp,temperature_sp0
gen_00794,3,23,727,1,110,0.004,3,NA,gen,temperature_sp,temperature_sp1
gen_00795,2,16,765,0,110,0.005,6,NA,gen,temperature_sp,temperature_sp0
gen_00796,3,12,845,1,110,0.002,4,NA,gen,temperature_sp,temperature_sp1
gen_00797,2,32,808,1,110,0.001,3,NA,gen,temperature_sp,temperature_sp1
gen_00798,5,19,732,1,110,0.008,4,NA,gen,temperature_sp,temperature_sp1
gen_00799,3,29,676,1,110,0.01,4,NA,gen,temperature_sp,temperature_sp1
gen_00800,4,15,600,1,110,0.003,3,NA,gen,temperature_sp,temperature_sp1
gen_00801,4,22,562,1,110,0.002,4,NA,gen,temperature_sp,temperature_sp1
gen_00802,3,33,700,1,110,0.006,NA,3,gen,K,K1
gen_00803,4,19,624,1,110,0.008,NA,4,gen,K,K1
gen_00804,3,47,775,1,110,0.003,NA,2,gen,K,K1
gen_00805,2,40,813,0,110,0.004,NA,3,gen,K,K0
gen_00806,3,26,587,0,110,0.002,NA,4,gen,K,K0
gen_00807,5,53,737,0,110,0.007,NA,3,gen,K,K0
gen_00808,3,43,643,1,110,0.006,NA,2,gen,K,K1
gen_00809,4,16,794,1,110,0.002,NA,3,gen,K,K1
gen_00810,4,57,568,1,110,0.004,NA,4,gen,K,K1
gen_00812,5,36,605,1,110,0.005,NA,2,gen,K,K1
gen_00813,3,50,681,0,110,0.007,NA,4,gen,K,K0
gen_00814,4,23,832,1,110,0.003,NA,3,gen,K,K1
gen_00815,5,28,690,1,110,0.004,NA,3,gen,K,K1
gen_00816,2,14,615,1,110,0.006,NA,3,gen,K,K1
gen_00817,4,42,766,1,110,0.001,NA,4,gen,K,K1
gen_00819,4,52,596,0,110,0.009,NA,3,gen,K,K0
gen_00820,2,25,747,1,110,0.004,NA,2,gen,K,K1
gen_00821,3,38,671,0,110,0.002,NA,3,gen,K,K0
gen_00822,4,11,822,0,110,0.006,NA,4,gen,K,K0
gen_00823,2,59,634,1,110,0.003,NA,3,gen,K,K1
gen_00824,4,31,785,1,110,0.007,NA,2,gen,K,K1
gen_00825,5,45,558,0,110,0.01,NA,3,gen,K,K0
gen_00826,3,18,709,1,110,0.005,NA,4,gen,K,K1
gen_00827,4,37,629,0,110,0.007,NA,3,gen,K,K0
gen_00828,3,51,554,1,110,0.005,NA,3,gen,K,K1
gen_00829,5,24,704,1,110,0.01,NA,2,gen,K,K1
gen_00830,3,44,591,0,110,0.004,NA,3,gen,K,K0
gen_00831,4,17,742,1,110,0.008,NA,4,gen,K,K1
gen_00832,5,58,667,0,110,0.006,NA,3,gen,K,K0
gen_00833,3,31,818,0,110,0.002,NA,2,gen,K,K0
gen_00834,3,41,723,0,110,0.007,NA,4,gen,K,K0
gen_00835,2,27,648,1,110,0.009,NA,3,gen,K,K1
gen_00836,5,34,836,1,110,0.003,NA,4,gen,K,K1
gen_00837,3,59,620,0,110,0.01,NA,4,gen,K,K0
gen_00838,4,32,770,1,110,0.005,NA,3,gen,K,K1
gen_00839,4,46,695,1,110,0.003,NA,2,gen,K,K1
gen_00840,3,25,808,1,110,0.006,NA,3,gen,K,K1
gen_00841,2,39,582,1,110,0.009,NA,2,gen,K,K1
gen_00843,2,22,676,1,110,0.005,NA,4,gen,K,K1
gen_00844,3,36,752,0,110,0.003,NA,3,gen,K,K0
gen_00847,5,22,820,1,110,0.007,NA,4,gen,K,K1
gen_00848,4,36,594,1,110,0.01,NA,3,gen,K,K1
gen_00849,4,56,556,0,110,0.009,NA,3,gen,K,K0
gen_00850,3,29,707,1,110,0.004,NA,4,gen,K,K1
gen_00851,2,43,631,0,110,0.002,NA,3,gen,K,K0
gen_00852,4,16,782,1,110,0.006,NA,2,gen,K,K1
gen_00853,2,33,612,1,110,0.007,NA,3,gen,K,K1
gen_00854,5,19,688,1,110,0.005,NA,3,gen,K,K1
gen_00855,4,26,650,0,110,0.003,NA,3,gen,K,K0
gen_00856,2,53,801,0,110,0.008,NA,4,gen,K,K0
gen_00858,4,39,726,1,110,0.001,NA,2,gen,K,K1
gen_00859,4,41,584,0,110,0.005,NA,4,gen,K,K0
gen_00860,5,28,811,0,110,0.003,NA,3,gen,K,K0
gen_00862,4,48,622,0,110,0.004,NA,2,gen,K,K0
gen_00863,3,21,773,0,110,0.009,NA,3,gen,K,K0
gen_00864,5,11,641,1,110,0.009,NA,4,gen,K,K1
gen_00865,3,17,603,1,110,0.001,NA,4,gen,K,K1
gen_00866,4,31,678,1,110,0.008,NA,2,gen,K,K1
gen_00867,2,58,829,0,110,0.004,NA,3,gen,K,K0
gen_00869,4,39,815,1,110,0.008,NA,3,gen,K,K1
gen_00871,4,18,551,0,110,0.007,NA,4,gen,K,K0
gen_00872,2,45,702,1,110,0.002,NA,3,gen,K,K1
gen_00873,4,56,683,0,110,0.002,NA,2,gen,K,K0
gen_00874,3,28,834,0,110,0.006,NA,3,gen,K,K0
gen_00875,3,42,608,1,110,0.008,NA,4,gen,K,K1
gen_00876,5,15,759,1,110,0.004,NA,3,gen,K,K1
gen_00877,2,49,570,1,110,0.01,NA,2,gen,K,K1
gen_00878,4,22,721,1,110,0.005,NA,3,gen,K,K1
gen_00879,5,35,645,1,110,0.003,NA,4,gen,K,K1
gen_00881,5,30,579,1,110,0.001,NA,3,gen,K,K1
gen_00882,2,37,768,1,110,0.007,NA,2,gen,K,K1
gen_00883,3,23,693,1,110,0.009,NA,3,gen,K,K1
gen_00884,5,50,844,0,110,0.005,NA,4,gen,K,K0
gen_00885,3,33,561,0,110,0.004,NA,3,gen,K,K0
gen_00886,4,47,636,1,110,0.006,NA,3,gen,K,K1
gen_00887,2,20,787,1,110,0.002,NA,4,gen,K,K1
gen_00888,4,40,674,1,110,0.008,NA,3,gen,K,K1
gen_00889,2,54,598,0,110,0.005,NA,3,gen,K,K0
gen_00890,4,27,749,0,110,0.01,NA,4,gen,K,K0
gen_00891,4,57,649,1,110,0.005,NA,3,gen,K,K1
gen_00892,3,30,800,0,110,0.01,NA,4,gen,K,K0
gen_00893,2,43,574,1,110,0.007,NA,3,gen,K,K1
gen_00894,3,50,611,0,110,0.006,NA,3,gen,K,K0
gen_00895,5,23,762,0,110,0.002,NA,4,gen,K,K0
gen_00896,4,37,687,1,110,0.004,NA,3,gen,K,K1
gen_00898,2,47,706,0,110,0.005,NA,4,gen,K,K0
gen_00899,5,33,781,1,110,0.007,NA,2,gen,K,K1
gen_00900,3,26,668,0,110,0.001,NA,3,gen,K,K0
gen_00901,2,38,602,1,110,0.003,NA,4,gen,K,K1
gen_00902,4,52,677,0,110,0.01,NA,2,gen,K,K0
gen_00903,3,25,828,1,110,0.005,NA,3,gen,K,K1
gen_00904,4,45,640,0,110,0.009,NA,4,gen,K,K0
gen_00905,5,32,715,1,110,0.007,NA,3,gen,K,K1
gen_00907,4,28,621,1,110,0.005,NA,2,gen,K,K1
gen_00910,4,14,644,1,110,0.001,NA,4,gen,K,K1
gen_00911,2,41,795,1,110,0.006,NA,3,gen,K,K1
gen_00913,4,34,757,1,110,0.004,NA,3,gen,K,K1
gen_00914,4,24,776,1,110,0.008,NA,3,gen,K,K1
gen_00915,4,38,550,1,110,0.006,NA,4,gen,K,K1
gen_00917,2,31,739,1,110,0.003,NA,3,gen,K,K1
gen_00918,3,44,663,0,110,0.005,NA,4,gen,K,K0
gen_00919,5,17,814,0,110,0.01,NA,3,gen,K,K0
gen_00920,2,36,823,1,110,0.001,NA,2,gen,K,K1
gen_00921,3,22,597,1,110,0.004,NA,3,gen,K,K1
gen_00922,4,49,748,0,110,0.008,NA,4,gen,K,K0
gen_00924,4,43,710,1,110,0.009,NA,2,gen,K,K1
gen_00925,5,29,635,1,110,0.007,NA,3,gen,K,K1
gen_00926,3,56,786,0,110,0.002,NA,4,gen,K,K0
gen_00927,5,46,616,0,110,0.002,NA,3,gen,K,K0
gen_00928,3,19,767,1,110,0.006,NA,2,gen,K,K1
gen_00929,2,60,691,0,110,0.009,NA,3,gen,K,K0
gen_00930,3,39,654,1,110,0.01,NA,3,gen,K,K1
gen_00932,4,53,578,0,110,0.003,NA,3,gen,K,K0
gen_00933,3,26,729,0,110,0.008,NA,4,gen,K,K0
gen_00935,3,46,760,0,110,0.008,NA,3,gen,K,K0
gen_00936,3,33,684,0,110,0.006,NA,4,gen,K,K0
gen_00937,5,60,835,0,110,0.001,NA,3,gen,K,K0
gen_00938,4,40,798,1,110,0.002,NA,3,gen,K,K1
gen_00939,5,26,571,1,110,0.004,NA,4,gen,K,K1
gen_00940,5,36,666,1,110,0.008,NA,2,gen,K,K1
gen_00941,2,50,590,1,110,0.002,NA,4,gen,K,K1
gen_00942,4,23,741,0,110,0.006,NA,3,gen,K,K0
gen_00943,3,43,552,1,110,0.003,NA,2,gen,K,K1
gen_00944,4,16,703,1,110,0.007,NA,3,gen,K,K1
gen_00945,2,29,779,1,110,0.005,NA,3,gen,K,K1
gen_00946,3,24,637,1,110,0.001,NA,3,gen,K,K1
gen_00947,2,38,713,0,110,0.004,NA,4,gen,K,K0
gen_00948,4,31,600,1,110,0.009,NA,3,gen,K,K1
gen_00949,2,18,675,1,110,0.002,NA,3,gen,K,K1
gen_00950,4,45,826,0,110,0.007,NA,4,gen,K,K0
gen_00951,3,55,581,0,110,0.006,NA,3,gen,K,K0
gen_00952,4,28,732,0,110,0.002,NA,2,gen,K,K0
gen_00953,5,41,656,1,110,0.004,NA,3,gen,K,K1
gen_00954,3,14,807,1,110,0.009,NA,4,gen,K,K1
gen_00955,4,48,694,1,110,0.005,NA,3,gen,K,K1
gen_00956,3,35,618,0,110,0.008,NA,3,gen,K,K0
gen_00957,4,15,840,1,110,0.005,NA,4,gen,K,K1
gen_00958,3,29,765,1,110,0.007,NA,2,gen,K,K1
gen_00959,4,35,576,0,110,0.002,NA,3,gen,K,K0
gen_00960,3,49,651,1,110,0.009,NA,3,gen,K,K1
gen_00961,4,22,802,0,110,0.004,NA,2,gen,K,K0
gen_00963,5,39,746,1,110,0.009,NA,4,gen,K,K1
gen_00964,4,25,670,1,110,0.007,NA,3,gen,K,K1
gen_00965,3,52,821,0,110,0.002,NA,2,gen,K,K0
gen_00966,5,18,633,1,110,0.006,NA,3,gen,K,K1
gen_00967,2,32,557,1,110,0.003,NA,3,gen,K,K1
gen_00968,5,47,567,0,110,0.008,NA,4,gen,K,K0
gen_00969,3,20,717,0,110,0.003,NA,3,gen,K,K0
gen_00972,5,27,831,1,110,0.009,NA,3,gen,K,K1
gen_00973,4,40,604,1,110,0.007,NA,2,gen,K,K1
gen_00975,4,30,661,0,110,0.003,NA,4,gen,K,K0
gen_00976,5,44,736,0,110,0.005,NA,3,gen,K,K0
gen_00977,2,24,623,0,110,0.008,NA,4,gen,K,K0
gen_00978,3,37,849,1,110,0.006,NA,3,gen,K,K1
gen_00979,4,21,699,0,110,0.009,NA,4,gen,K,K0
gen_00981,5,35,775,0,110,0.006,NA,3,gen,K,K0
gen_00982,2,28,586,1,110,0.003,NA,4,gen,K,K1
gen_00983,3,42,812,1,110,0.005,NA,3,gen,K,K1
gen_00984,5,59,605,1,110,0.003,NA,4,gen,K,K1
gen_00985,3,45,680,1,110,0.006,NA,2,gen,K,K1
gen_00987,3,52,643,1,110,0.007,NA,4,gen,K,K1
gen_00988,5,25,793,0,110,0.002,NA,3,gen,K,K0
gen_00990,5,40,709,0,110,0.002,NA,4,gen,K,K0
gen_00991,4,26,633,1,110,0.004,NA,3,gen,K,K1
gen_00992,3,33,822,1,110,0.01,NA,4,gen,K,K1
gen_00994,4,47,746,0,110,0.003,NA,2,gen,K,K0
gen_00995,3,37,652,0,110,0.001,NA,3,gen,K,K0
gen_00997,5,50,577,1,110,0.008,NA,3,gen,K,K1
gen_00999,4,43,614,0,110,0.009,NA,3,gen,K,K0
gen_01000,2,16,765,0,110,0.005,NA,4,gen,K,K0
gen_01001,4,26,770,1,110,0.009,NA,2,gen,K,K1
gen_01002,5,39,694,0,110,0.007,NA,3,gen,K,K0
gen_01003,3,12,845,1,110,0.002,NA,4,gen,K,K1
gen_01004,2,32,808,1,110,0.001,NA,2,gen,K,K1
gen_01005,3,46,581,1,110,0.003,NA,3,gen,K,K1
gen_01006,5,19,732,1,110,0.008,NA,4,gen,K,K1
gen_01007,3,29,676,1,110,0.01,NA,3,gen,K,K1
gen_01009,4,22,562,1,110,0.002,NA,3,gen,K,K1
gen_01010,3,33,700,1,110,0.006,NA,2.5,gen,K,K1
gen_01011,4,19,624,1,110,0.008,NA,3.3,gen,K,K1
gen_01013,3,26,587,0,110,0.002,NA,3.6,gen,K,K0
gen_01014,5,53,737,0,110,0.007,NA,2.2,gen,K,K0
gen_01015,3,43,643,1,110,0.006,NA,1.3,gen,K,K1
gen_01016,4,16,794,1,110,0.002,NA,2.7,gen,K,K1
gen_01017,4,57,568,1,110,0.004,NA,3.5,gen,K,K1
gen_01018,5,36,605,1,110,0.005,NA,1.6,gen,K,K1
gen_01019,3,50,681,0,110,0.007,NA,3.8,gen,K,K0
gen_01020,4,23,832,1,110,0.003,NA,2.4,gen,K,K1
gen_01021,5,28,690,1,110,0.004,NA,2.6,gen,K,K1
gen_01023,4,52,596,0,110,0.009,NA,2.8,gen,K,K0
gen_01026,4,11,822,0,110,0.006,NA,3.5,gen,K,K0
gen_01027,2,59,634,1,110,0.003,NA,3.2,gen,K,K1
gen_01028,4,31,785,1,110,0.007,NA,1.7,gen,K,K1
gen_01029,5,45,558,0,110,0.01,NA,2.5,gen,K,K0
gen_01030,3,18,709,1,110,0.005,NA,3.9,gen,K,K1
gen_01031,4,37,629,0,110,0.007,NA,1.9,gen,K,K0
gen_01032,3,51,554,1,110,0.005,NA,2.6,gen,K,K1
gen_01034,3,44,591,0,110,0.004,NA,2.2,gen,K,K0
gen_01035,4,17,742,1,110,0.008,NA,3.7,gen,K,K1
gen_01036,5,58,667,0,110,0.006,NA,3,gen,K,K0
gen_01038,3,41,723,0,110,0.007,NA,3.5,gen,K,K0
gen_01039,2,27,648,1,110,0.009,NA,2.8,gen,K,K1
gen_01040,5,34,836,1,110,0.003,NA,3.9,gen,K,K1
gen_01041,3,59,620,0,110,0.01,NA,3.4,gen,K,K0
gen_01042,4,32,770,1,110,0.005,NA,2,gen,K,K1
gen_01043,4,46,695,1,110,0.003,NA,1.2,gen,K,K1
gen_01044,5,53,657,1,110,0.002,NA,3.8,gen,K,K1
gen_01045,3,25,808,1,110,0.006,NA,2.3,gen,K,K1
gen_01046,2,39,582,1,110,0.009,NA,1.6,gen,K,K1
gen_01048,2,22,676,1,110,0.005,NA,3.6,gen,K,K1
gen_01049,3,36,752,0,110,0.003,NA,2.9,gen,K,K0
gen_01052,5,42,789,1,110,0.008,NA,3.2,gen,K,K1
gen_01053,5,22,820,1,110,0.007,NA,3.7,gen,K,K1
gen_01054,4,36,594,1,110,0.01,NA,3,gen,K,K1
gen_01055,4,56,556,0,110,0.009,NA,1.9,gen,K,K0
gen_01056,3,29,707,1,110,0.004,NA,3.3,gen,K,K1
gen_01057,2,43,631,0,110,0.002,NA,2.6,gen,K,K0
gen_01059,2,33,612,1,110,0.007,NA,2.4,gen,K,K1
gen_01060,5,19,688,1,110,0.005,NA,3.2,gen,K,K1
gen_01062,2,53,801,0,110,0.008,NA,3.5,gen,K,K0
gen_01063,4,39,726,1,110,0.001,NA,1.3,gen,K,K1
gen_01064,4,41,584,0,110,0.005,NA,3.8,gen,K,K0
gen_01065,5,28,811,0,110,0.003,NA,3.1,gen,K,K0
gen_01067,4,48,622,0,110,0.004,NA,1.2,gen,K,K0
gen_01068,3,21,773,0,110,0.009,NA,2.7,gen,K,K0
gen_01069,5,11,641,1,110,0.009,NA,4,gen,K,K1
gen_01070,3,17,603,1,110,0.001,NA,3.6,gen,K,K1
gen_01071,4,31,678,1,110,0.008,NA,1.4,gen,K,K1
gen_01075,2,45,702,1,110,0.002,NA,1.8,gen,K,K1
gen_01076,4,56,683,0,110,0.002,NA,1.7,gen,K,K0
gen_01077,3,28,834,0,110,0.006,NA,3.1,gen,K,K0
gen_01078,3,42,608,1,110,0.008,NA,3.8,gen,K,K1
gen_01081,4,22,721,1,110,0.005,NA,2.8,gen,K,K1
gen_01082,5,35,645,1,110,0.003,NA,3.5,gen,K,K1
gen_01085,2,37,768,1,110,0.007,NA,1.2,gen,K,K1
gen_01086,3,23,693,1,110,0.009,NA,1.9,gen,K,K1
gen_01087,5,50,844,0,110,0.005,NA,3.4,gen,K,K0
gen_01088,3,33,561,0,110,0.004,NA,3.2,gen,K,K0
gen_01089,4,47,636,1,110,0.006,NA,2.5,gen,K,K1
gen_01090,2,20,787,1,110,0.002,NA,3.9,gen,K,K1
gen_01091,4,40,674,1,110,0.008,NA,2.8,gen,K,K1
gen_01092,2,54,598,0,110,0.005,NA,2.1,gen,K,K0
gen_01093,4,27,749,0,110,0.01,NA,3.6,gen,K,K0
gen_01094,4,57,649,1,110,0.005,NA,2.4,gen,K,K1
gen_01095,3,30,800,0,110,0.01,NA,3.9,gen,K,K0
gen_01096,2,43,574,1,110,0.007,NA,3.2,gen,K,K1
gen_01097,3,50,611,0,110,0.006,NA,2.1,gen,K,K0
gen_01098,5,23,762,0,110,0.002,NA,3.5,gen,K,K0
gen_01099,4,37,687,1,110,0.004,NA,2.8,gen,K,K1
gen_01101,2,47,706,0,110,0.005,NA,3.7,gen,K,K0
gen_01102,5,33,781,1,110,0.007,NA,1.5,gen,K,K1
gen_01104,3,40,743,1,110,0.003,NA,1.2,gen,K,K1
gen_01105,2,38,602,1,110,0.003,NA,4,gen,K,K1
gen_01106,4,52,677,0,110,0.01,NA,1.8,gen,K,K0
gen_01107,3,25,828,1,110,0.005,NA,3.3,gen,K,K1
gen_01108,4,45,640,0,110,0.009,NA,3.6,gen,K,K0
gen_01109,3,59,564,1,110,0.002,NA,1.4,gen,K,K1
gen_01110,5,32,715,1,110,0.007,NA,2.9,gen,K,K1
gen_01112,4,28,621,1,110,0.005,NA,1.6,gen,K,K1
gen_01113,2,55,772,1,110,0.009,NA,3.1,gen,K,K1
gen_01116,4,14,644,1,110,0.001,NA,3.9,gen,K,K1
gen_01117,2,41,795,1,110,0.006,NA,2.4,gen,K,K1
gen_01119,4,34,757,1,110,0.004,NA,2,gen,K,K1
gen_01120,4,24,776,1,110,0.008,NA,2.9,gen,K,K1
gen_01121,4,38,550,1,110,0.006,NA,3.7,gen,K,K1
gen_01123,4,58,588,1,110,0.007,NA,1.1,gen,K,K1
gen_01124,2,31,739,1,110,0.003,NA,2.6,gen,K,K1
gen_01125,3,44,663,0,110,0.005,NA,3.3,gen,K,K0
gen_01127,2,36,823,1,110,0.001,NA,1.8,gen,K,K1
gen_01129,4,49,748,0,110,0.008,NA,3.9,gen,K,K0
gen_01131,4,43,710,1,110,0.009,NA,1.4,gen,K,K1
gen_01132,5,29,635,1,110,0.007,NA,2.1,gen,K,K1
gen_01133,3,56,786,0,110,0.002,NA,3.6,gen,K,K0
gen_01134,5,46,616,0,110,0.002,NA,3,gen,K,K0
gen_01136,2,60,691,0,110,0.009,NA,2.3,gen,K,K0
gen_01137,3,39,654,1,110,0.01,NA,2.7,gen,K,K1
gen_01138,4,53,578,0,110,0.003,NA,1.9,gen,K,K0
gen_01139,3,26,729,0,110,0.008,NA,3.4,gen,K,K0
gen_01140,3,46,760,0,110,0.008,NA,2.7,gen,K,K0
gen_01141,3,33,684,0,110,0.006,NA,3.5,gen,K,K0
gen_01142,4,40,798,1,110,0.002,NA,3.1,gen,K,K1
gen_01143,5,26,571,1,110,0.004,NA,3.8,gen,K,K1
gen_01145,2,50,590,1,110,0.002,NA,3.3,gen,K,K1
gen_01146,3,43,552,1,110,0.003,NA,1.5,gen,K,K1
gen_01147,4,16,703,1,110,0.007,NA,2.9,gen,K,K1
gen_01148,2,29,779,1,110,0.005,NA,2.2,gen,K,K1
gen_01149,3,24,637,1,110,0.001,NA,2.8,gen,K,K1
gen_01150,2,38,713,0,110,0.004,NA,3.6,gen,K,K0
gen_01151,4,31,600,1,110,0.009,NA,3.2,gen,K,K1
gen_01152,2,18,675,1,110,0.002,NA,2.5,gen,K,K1
gen_01153,4,45,826,0,110,0.007,NA,3.9,gen,K,K0
gen_01154,3,55,581,0,110,0.006,NA,2.6,gen,K,K0
gen_01156,5,41,656,1,110,0.004,NA,1.9,gen,K,K1
gen_01157,3,14,807,1,110,0.009,NA,3.4,gen,K,K1
gen_01158,4,48,694,1,110,0.005,NA,3,gen,K,K1
gen_01159,3,35,618,0,110,0.008,NA,2.3,gen,K,K0
gen_01160,2,42,689,1,110,0.01,NA,2.1,gen,K,K1
gen_01161,4,15,840,1,110,0.005,NA,3.5,gen,K,K1
gen_01162,3,29,765,1,110,0.007,NA,1.3,gen,K,K1
gen_01164,3,49,651,1,110,0.009,NA,3.2,gen,K,K1
gen_01165,4,22,802,0,110,0.004,NA,1.7,gen,K,K0
gen_01166,5,39,746,1,110,0.009,NA,3.3,gen,K,K1
gen_01167,4,25,670,1,110,0.007,NA,2.6,gen,K,K1
gen_01169,2,32,557,1,110,0.003,NA,3,gen,K,K1
gen_01170,5,47,567,0,110,0.008,NA,3.6,gen,K,K0
gen_01171,3,20,717,0,110,0.003,NA,2.1,gen,K,K0
gen_01172,3,34,642,0,110,0.005,NA,1.4,gen,K,K0
gen_01173,3,54,680,0,110,0.004,NA,4,gen,K,K0
gen_01174,5,27,831,1,110,0.009,NA,2.5,gen,K,K1
gen_01175,4,40,604,1,110,0.007,NA,1.8,gen,K,K1
gen_01177,4,30,661,0,110,0.003,NA,3.4,gen,K,K0
gen_01178,5,44,736,0,110,0.005,NA,2.7,gen,K,K0
gen_01179,2,24,623,0,110,0.008,NA,3.8,gen,K,K0
gen_01180,3,37,849,1,110,0.006,NA,3.1,gen,K,K1
gen_01181,4,21,699,0,110,0.009,NA,3.9,gen,K,K0
gen_01182,2,48,850,0,110,0.004,NA,2.5,gen,K,K0
gen_01183,5,35,775,0,110,0.006,NA,3.2,gen,K,K0
gen_01184,2,28,586,1,110,0.003,NA,3.5,gen,K,K1
gen_01185,3,42,812,1,110,0.005,NA,2.8,gen,K,K1
gen_01186,5,59,605,1,110,0.003,NA,3.7,gen,K,K1
gen_01187,3,45,680,1,110,0.006,NA,1.5,gen,K,K1
gen_01188,4,18,831,0,110,0.001,NA,3,gen,K,K0
gen_01189,3,52,643,1,110,0.007,NA,3.4,gen,K,K1
gen_01191,5,40,709,0,110,0.002,NA,4,gen,K,K0
gen_01192,4,26,633,1,110,0.004,NA,3.3,gen,K,K1
gen_01193,3,33,822,1,110,0.01,NA,3.6,gen,K,K1
gen_01195,4,47,746,0,110,0.003,NA,1.4,gen,K,K0
gen_01196,3,37,652,0,110,0.001,NA,2.4,gen,K,K0
gen_01198,5,50,577,1,110,0.008,NA,3.1,gen,K,K1
gen_01200,4,43,614,0,110,0.009,NA,2,gen,K,K0
gen_01201,2,16,765,0,110,0.005,NA,3.5,gen,K,K0
gen_01202,4,26,770,1,110,0.009,NA,1.7,gen,K,K1
gen_01203,5,39,694,0,110,0.007,NA,2.4,gen,K,K0
gen_01204,3,12,845,1,110,0.002,NA,3.9,gen,K,K1
gen_01206,3,46,581,1,110,0.003,NA,2,gen,K,K1
gen_01207,5,19,732,1,110,0.008,NA,3.5,gen,K,K1
gen_01208,3,29,676,1,110,0.01,NA,3,gen,K,K1
